emp_no,first_name,last_name,birth_date,from_date,to_date,title
10122,Ohad,Esposito,1965-01-19,1988-12-19,9999-01-01,Staff
10291,Dipayan,Seghrouchni,1965-01-23,1997-07-16,9999-01-01,Senior Engineer
10410,Takahito,Gecsei,1965-01-19,1985-07-30,9999-01-01,Engineer
10476,Kokou,Iisaka,1965-01-01,1987-10-08,9999-01-01,Staff
10480,Make,Baba,1965-01-25,1996-06-08,9999-01-01,Engineer
11015,Jeanna,Riesenhuber,1965-01-24,1992-02-24,9999-01-01,Senior Engineer
11126,Hideo,Daescu,1965-01-08,1998-02-02,9999-01-01,Staff
11157,Mario,Cochrane,1965-02-01,1995-05-12,9999-01-01,Senior Staff
11432,Yongmao,Zwicker,1965-01-15,1995-11-08,9999-01-01,Senior Engineer
12155,Keiichiro,Glinert,1965-01-21,1989-10-14,9999-01-01,Engineer
12408,Rasiah,Sudkamp,1965-01-10,1990-02-05,9999-01-01,Engineer
12643,Morrie,Schurmann,1965-01-30,1987-09-13,9999-01-01,Senior Engineer
13957,Angus,Chelton,1965-01-10,1987-09-09,9999-01-01,Staff
14075,Denny,Tchuente,1965-01-03,1994-08-23,9999-01-01,Engineer
14104,Sudhanshu,Demian,1965-01-03,1993-10-09,9999-01-01,Engineer
14127,Magdalena,Cannard,1965-01-10,2001-03-12,9999-01-01,Senior Staff
14158,Caolyn,Setiz,1965-01-22,2001-08-25,9999-01-01,Technique Leader
14476,Sastry,Marrevee,1965-01-19,1991-05-01,9999-01-01,Senior Engineer
14551,Richard,Sinitsyn,1965-01-18,1997-04-05,9999-01-01,Engineer
14907,Nakhoon,Luga,1965-01-14,1997-11-12,9999-01-01,Senior Staff
15050,Nikolaos,Kruskal,1965-01-18,1994-09-14,9999-01-01,Technique Leader
15058,Bouchung,Bugrara,1965-01-30,1994-10-09,9999-01-01,Senior Engineer
15376,Geoff,Soicher,1965-01-10,1993-02-16,9999-01-01,Senior Engineer
15413,Arvin,Rabejac,1965-01-17,1995-11-27,9999-01-01,Senior Staff
16461,Remmert,Schahn,1965-01-14,1995-09-10,9999-01-01,Senior Staff
16528,Gaurav,Swick,1965-01-21,1993-07-10,9999-01-01,Engineer
17013,Morris,Garigliano,1965-01-15,1993-03-28,9999-01-01,Engineer
17447,Zengping,Boreale,1965-01-11,2001-10-26,9999-01-01,Senior Staff
17618,Teiji,Picco,1965-01-12,1995-11-08,9999-01-01,Senior Staff
17731,Gennady,Roison,1965-01-16,1999-04-08,9999-01-01,Engineer
17970,Filipp,Carrere,1965-01-06,1994-03-20,9999-01-01,Staff
17988,Mabhin,Calkin,1965-01-31,1992-03-10,9999-01-01,Senior Engineer
18021,Adil,Matzke,1965-01-07,1997-04-08,9999-01-01,Engineer
18187,Denis,Falster,1965-01-08,1993-07-30,9999-01-01,Staff
18424,Filipp,Rousseau,1965-01-19,1998-08-20,9999-01-01,Senior Engineer
18583,Stafford,Honglei,1965-01-03,1997-10-04,9999-01-01,Engineer
19350,Satoru,Yoshizawa,1965-01-19,1994-02-21,9999-01-01,Senior Staff
19803,Ziva,Kowalchuk,1965-01-30,1990-09-24,9999-01-01,Senior Engineer
20100,Utz,Heuter,1965-01-18,1989-05-31,9999-01-01,Staff
20129,Rafael,Skafidas,1965-01-10,1989-10-15,9999-01-01,Senior Staff
20248,Vidar,Demri,1965-01-12,1992-09-28,9999-01-01,Engineer
20313,Candida,Benveniste,1965-01-24,1986-03-27,9999-01-01,Engineer
20500,Christoph,Trystram,1965-01-30,1991-06-07,9999-01-01,Senior Engineer
20712,Valeri,Escriba,1965-01-26,1990-04-28,9999-01-01,Staff
20720,Heejo,Brodie,1965-01-17,1996-04-25,9999-01-01,Staff
21181,Jianhui,Cangellaris,1965-01-21,1994-03-02,9999-01-01,Engineer
21188,Piyush,Danecki,1965-01-21,1987-05-15,9999-01-01,Engineer
21534,Alagu,Luders,1965-01-12,1989-12-03,9999-01-01,Senior Engineer
21546,Yongmin,Lanteri,1965-01-01,1997-10-10,9999-01-01,Engineer
21843,Karsten,Azadmanesh,1965-01-09,1999-07-30,9999-01-01,Engineer
22027,Sangeeta,Georg,1965-01-27,1996-02-21,9999-01-01,Senior Engineer
22185,Huai,Birch,1965-01-29,1990-04-11,9999-01-01,Senior Staff
22415,Perla,Jumpertz,1965-01-20,1989-10-31,9999-01-01,Senior Engineer
22451,Jasminko,Bresenham,1965-01-27,1995-03-08,9999-01-01,Staff
22455,Barry,Unno,1965-01-06,1989-12-31,9999-01-01,Engineer
22926,Manibrata,Genther,1965-01-01,1992-07-28,9999-01-01,Staff
23396,Hilari,Fairtlough,1965-01-02,1992-01-25,9999-01-01,Engineer
24080,Jaana,Perez,1965-01-26,1999-10-27,9999-01-01,Staff
24189,Abdelaziz,Atrawala,1965-01-16,1989-02-19,9999-01-01,Staff
24205,Roddy,Rubsam,1965-01-25,1994-03-23,9999-01-01,Staff
24394,Zhonghui,Conta,1965-01-04,1997-01-19,9999-01-01,Staff
24553,Anwar,Passafiume,1965-01-12,1986-06-18,9999-01-01,Engineer
24571,Cordelia,Gischer,1965-01-20,1990-04-28,9999-01-01,Staff
25488,Ingmar,Basawa,1965-01-19,1997-08-01,9999-01-01,Senior Staff
26476,Bilhanan,Karcich,1965-01-19,1990-05-25,9999-01-01,Engineer
26503,Shietung,Billingsley,1965-01-27,1999-07-16,9999-01-01,Senior Staff
26617,Berto,Bruckman,1965-01-06,1988-12-07,9999-01-01,Engineer
26671,Jiakeng,Kalorkoti,1965-01-21,1996-10-31,9999-01-01,Engineer
26788,Zongyan,Dalphin,1965-01-25,1987-03-27,9999-01-01,Assistant Engineer
27150,Chenyi,Plump,1965-01-06,1994-08-03,9999-01-01,Staff
27331,Wanqing,Krohm,1965-01-19,1986-05-14,9999-01-01,Staff
27378,Piyawadee,Leppanen,1965-01-28,1999-07-04,9999-01-01,Staff
27620,Shuji,Kandlur,1965-01-25,1987-06-06,9999-01-01,Staff
27686,Manu,Rosiles,1965-01-28,1988-05-09,9999-01-01,Senior Engineer
27699,Falguni,Pezzoli,1965-01-15,1994-10-01,9999-01-01,Senior Engineer
27767,Tooru,Veldwijk,1965-01-27,1996-02-19,9999-01-01,Engineer
27970,KayLiang,Miyakawa,1965-01-12,1991-12-23,9999-01-01,Senior Staff
28193,Xinglin,Mitsuhashi,1965-01-29,1985-07-03,9999-01-01,Senior Staff
28222,Mayuko,Vitiello,1965-01-11,1985-09-22,9999-01-01,Staff
28988,Tua,Giveon,1965-01-18,1999-08-21,9999-01-01,Engineer
29130,Xumin,Thorensen,1965-01-06,1996-10-14,9999-01-01,Senior Staff
29265,Gilbert,Calkin,1965-01-14,1985-04-10,9999-01-01,Assistant Engineer
29380,Satoru,Vidal,1965-01-30,1988-10-27,9999-01-01,Senior Staff
29679,Kolar,Steenbeek,1965-01-17,1986-02-19,9999-01-01,Engineer
29954,Pranay,Giarratana,1965-01-27,1990-09-03,9999-01-01,Staff
30007,Kousuke,Vecchio,1965-01-24,1998-04-17,9999-01-01,Staff
30035,Tetsushi,Conta,1965-01-08,1994-09-24,9999-01-01,Senior Engineer
30154,Mayuko,Skafidas,1965-01-26,1985-05-10,9999-01-01,Staff
30182,Leon,Potthoff,1965-01-26,1988-05-15,9999-01-01,Engineer
30465,Randi,Avouris,1965-01-28,1991-09-30,9999-01-01,Staff
30484,Sailaja,Chvatal,1965-01-11,1990-08-12,9999-01-01,Senior Staff
30695,Gudjon,Majewski,1965-01-08,1986-05-28,9999-01-01,Technique Leader
30938,Yakkov,Samarati,1965-01-06,1998-12-15,9999-01-01,Engineer
31147,Divine,Sidhu,1965-01-04,1999-02-23,9999-01-01,Technique Leader
31170,Tuval,Waleschkowski,1965-01-08,1991-09-29,9999-01-01,Senior Engineer
31188,Leandro,Gist,1965-01-12,1996-05-15,9999-01-01,Engineer
31207,Abdelwaheb,Dulin,1965-01-30,1986-01-09,9999-01-01,Senior Staff
31341,Oksana,Zultner,1965-01-01,1993-07-06,9999-01-01,Staff
31514,Harngdar,Schapire,1965-01-13,1998-04-15,9999-01-01,Senior Staff
31599,Qingxiang,Gewali,1965-01-05,1989-10-23,9999-01-01,Senior Staff
31629,Toong,Veldwijk,1965-01-24,1998-11-22,9999-01-01,Staff
31909,Murthy,Peek,1965-01-10,1990-08-22,9999-01-01,Senior Engineer
32347,Terresa,Peres,1965-01-08,1991-09-02,9999-01-01,Staff
32552,Atreye,Stanger,1965-01-17,1993-06-02,9999-01-01,Senior Staff
32649,Ingmar,Nannarelli,1965-01-12,1986-01-28,9999-01-01,Engineer
32714,Radoslaw,Maliniak,1965-01-16,1994-10-30,9999-01-01,Senior Staff
32844,Tadahiko,Melton,1965-01-23,1991-01-10,9999-01-01,Senior Staff
33025,Jessie,Thorelli,1965-01-12,1992-03-07,9999-01-01,Senior Staff
33215,Steen,Fasbender,1965-01-29,1990-04-22,9999-01-01,Staff
33606,Clyde,Swift,1965-01-02,1987-09-11,9999-01-01,Senior Engineer
33722,Anwar,Collette,1965-01-15,1998-05-01,9999-01-01,Engineer
34077,Angel,Sichman,1965-01-08,1994-05-13,9999-01-01,Engineer
34261,Kyoichi,Callaway,1965-01-05,1997-08-21,9999-01-01,Assistant Engineer
34446,Chinhyun,Bauknecht,1965-01-31,1997-01-12,9999-01-01,Staff
34452,Naftaly,Foong,1965-01-08,1985-08-29,9999-01-01,Engineer
34505,Felicidad,Kumaresan,1965-01-28,1994-11-16,9999-01-01,Senior Engineer
34780,Moni,Kohling,1965-01-16,1990-03-30,9999-01-01,Engineer
34788,Ennio,Babu,1965-01-27,1991-08-23,9999-01-01,Staff
35044,Jiang,Waschkowski,1965-01-04,1995-12-01,9999-01-01,Staff
35441,Chandrasekaran,Peek,1965-01-31,1994-07-13,9999-01-01,Engineer
35642,Ashish,Talmon,1965-01-30,1985-04-07,9999-01-01,Senior Staff
35793,Oscar,Kusalik,1965-01-01,1997-08-03,9999-01-01,Senior Engineer
36521,Serif,Gladwell,1965-01-21,1995-02-23,9999-01-01,Senior Staff
36626,Fen,Genin,1965-01-02,1992-02-16,9999-01-01,Technique Leader
36733,Uma,Reinhard,1965-01-04,1992-12-21,9999-01-01,Engineer
36982,Kotesh,Rajala,1965-01-22,1999-07-12,9999-01-01,Engineer
37070,Jeong,Undy,1965-01-22,1996-08-26,9999-01-01,Senior Staff
37719,Nakhoon,Buescher,1965-01-31,1993-03-03,9999-01-01,Staff
37945,Suzette,Butterworth,1965-01-02,1994-12-24,9999-01-01,Engineer
38043,Michaela,Randi,1965-01-05,1989-02-28,9999-01-01,Staff
38168,Fumiko,Deverell,1965-01-14,1998-06-17,9999-01-01,Senior Staff
38550,JoAnne,Baez,1965-01-14,1992-09-09,9999-01-01,Staff
38593,Huei,Orsini,1965-01-14,1992-11-29,9999-01-01,Senior Engineer
38947,Shuichi,Ruemmler,1965-01-25,1992-04-06,9999-01-01,Senior Staff
39036,Changho,Cappelli,1965-01-08,1998-05-06,9999-01-01,Senior Staff
39268,Constantijn,Awdeh,1965-01-10,1993-07-21,9999-01-01,Engineer
39301,Rimon,Kawashima,1965-01-07,1999-06-06,9999-01-01,Engineer
39341,Mahmut,Lampe,1965-01-01,1986-03-01,9999-01-01,Senior Engineer
39952,Otmar,Sudbeck,1965-01-02,1989-03-06,9999-01-01,Senior Staff
40269,Toshiki,Ghazalie,1965-01-10,1990-05-25,9999-01-01,Senior Engineer
40283,Sudhanshu,Boissier,1965-01-07,1994-07-09,9999-01-01,Senior Engineer
40301,Spyrose,Felder,1965-01-20,1994-07-19,9999-01-01,Engineer
40536,Harngdar,Bernardinello,1965-01-20,1986-03-29,9999-01-01,Engineer
40648,Wayne,Erev,1965-01-23,1986-03-31,9999-01-01,Engineer
40765,Michaela,Ramsak,1965-01-01,1998-03-16,9999-01-01,Senior Staff
40773,Shimshon,Aingworth,1965-01-09,1998-03-27,9999-01-01,Senior Staff
40785,Youpyo,Castellani,1965-01-31,1990-07-04,9999-01-01,Engineer
40983,Marla,Cherinka,1965-01-17,1993-12-26,9999-01-01,Senior Staff
41518,Keung,Schapiro,1965-01-11,1985-07-17,9999-01-01,Staff
41520,Xiong,Uhrik,1965-01-20,1990-06-25,9999-01-01,Senior Staff
41552,Uno,Heyers,1965-01-03,1993-08-04,9999-01-01,Senior Staff
41609,Yucai,Simmen,1965-01-04,1986-06-04,9999-01-01,Staff
42911,Brigham,Eterovic,1965-01-29,1988-06-11,9999-01-01,Staff
42950,Shaleah,Eickenmeyer,1965-01-22,1993-05-27,9999-01-01,Technique Leader
42955,Yucel,Lortz,1965-01-12,1992-05-04,9999-01-01,Staff
43154,Maha,Waterhouse,1965-01-13,1987-12-09,9999-01-01,Senior Engineer
43848,Phillip,Oxenboll,1965-01-11,1992-01-01,9999-01-01,Staff
44265,Maria,Eppinger,1965-01-24,1998-12-14,9999-01-01,Senior Staff
44540,Mingzeng,Sadowski,1965-01-16,1997-11-03,9999-01-01,Staff
44900,Mark,Schwaller,1965-01-05,1990-11-19,9999-01-01,Senior Staff
44959,Volkmar,Uhrik,1965-01-21,1991-01-28,9999-01-01,Senior Engineer
44962,Sariel,Wynblatt,1965-01-16,1998-09-13,9999-01-01,Engineer
45162,Dulce,Speel,1965-01-11,1999-10-11,9999-01-01,Senior Engineer
45590,Masoud,Genin,1965-01-21,1993-08-03,9999-01-01,Senior Engineer
46000,Zhaofang,Penn,1965-01-26,1988-01-13,9999-01-01,Senior Staff
46015,Weiye,Masand,1965-01-19,1989-11-21,9999-01-01,Engineer
46222,Mrinalini,Strooper,1965-01-20,2001-09-11,9999-01-01,Senior Engineer
46531,Yaghout,Peng,1965-01-30,1988-07-01,9999-01-01,Engineer
46811,Junsik,Berendt,1965-01-10,1992-11-27,9999-01-01,Technique Leader
47702,Juyoung,Vieri,1965-01-21,1992-01-30,9999-01-01,Staff
47708,Edwin,Haldar,1965-01-05,1996-06-06,9999-01-01,Senior Engineer
48882,Leen,Lamparter,1965-01-28,1992-07-26,9999-01-01,Senior Engineer
48904,Yuichiro,Malabarba,1965-01-23,1994-02-09,9999-01-01,Senior Engineer
49119,Lena,Peek,1965-01-09,1993-03-07,9999-01-01,Staff
49177,Tze,Bach,1965-01-03,1997-05-19,9999-01-01,Senior Staff
49464,Siddarth,Cappelletti,1965-01-14,1990-06-08,9999-01-01,Senior Engineer
49477,Baocai,Leaver,1965-01-14,1987-09-19,9999-01-01,Staff
50293,Xinan,Rindone,1965-01-26,1989-05-18,9999-01-01,Staff
50311,Mooi,Stafford,1965-01-24,1993-12-14,9999-01-01,Engineer
50360,Sumali,Kushner,1965-01-18,1995-11-08,9999-01-01,Staff
50453,Aron,Harbusch,1965-01-12,1997-09-23,9999-01-01,Engineer
50587,Slavian,Yemenis,1965-01-26,1989-08-02,9999-01-01,Engineer
50670,Boguslaw,Snedden,1965-01-30,1986-02-20,9999-01-01,Staff
51036,Chriss,Fasbender,1965-01-29,1989-10-15,9999-01-01,Engineer
51057,Theirry,Albarhamtoshy,1965-01-29,1996-10-29,9999-01-01,Engineer
51118,Fumiko,Mundy,1965-01-17,1997-10-27,9999-01-01,Engineer
51142,Rosine,Lakshmanan,1965-01-29,1997-05-07,9999-01-01,Staff
51502,Slavian,Munawer,1965-01-29,1994-01-05,9999-01-01,Senior Engineer
52038,Chikako,Armand,1965-01-13,1985-05-29,9999-01-01,Staff
52283,Trygve,Krupka,1965-01-20,1998-08-20,9999-01-01,Senior Engineer
52386,Adas,Denti,1965-01-28,1992-06-07,9999-01-01,Senior Staff
52590,Jouni,Munoz,1965-01-21,1994-08-09,9999-01-01,Technique Leader
52599,Augustine,Mungall,1965-01-25,1991-07-24,9999-01-01,Senior Engineer
52639,Arup,Colorni,1965-01-09,1989-02-10,9999-01-01,Engineer
52770,Shugo,Yurek,1965-01-31,1999-09-27,9999-01-01,Staff
52778,Alain,Penn,1965-01-15,1990-10-06,9999-01-01,Senior Staff
52970,Lobel,Werthner,1965-01-22,1999-02-23,9999-01-01,Technique Leader
53088,Mechthild,Lamma,1965-01-25,1998-03-25,9999-01-01,Engineer
53278,Premsyl,Lortz,1965-01-31,1998-06-16,9999-01-01,Senior Staff
53314,Eberhardt,Carrera,1965-01-06,1990-09-02,9999-01-01,Senior Engineer
53431,Sham,Vasanthakumar,1965-01-12,1995-07-12,9999-01-01,Engineer
53499,Zdislav,Mandelberg,1965-01-20,1985-06-14,9999-01-01,Senior Engineer
53597,Jiafu,Marchegay,1965-01-30,1986-12-22,9999-01-01,Staff
53746,Manu,Erva,1965-01-21,1995-07-16,9999-01-01,Senior Engineer
53924,Arnould,Gaughan,1965-01-27,1989-09-04,9999-01-01,Engineer
54632,Etsuo,Serot,1965-01-19,1985-03-06,9999-01-01,Senior Engineer
54795,Sumant,Nergos,1965-01-29,1985-10-23,9999-01-01,Staff
54800,Breannda,Cangellaris,1965-01-13,1997-12-30,9999-01-01,Senior Staff
55121,Toshiko,Alblas,1965-01-12,1987-07-19,9999-01-01,Technique Leader
55640,Adit,Syrotiuk,1965-01-25,1996-09-03,9999-01-01,Engineer
55670,Ulf,Ranft,1965-01-30,1991-10-02,9999-01-01,Staff
55687,Shih,Lindqvist,1965-01-02,1988-10-08,9999-01-01,Engineer
55799,Jianwen,Litzler,1965-01-23,1985-11-03,9999-01-01,Senior Staff
56105,Makato,Remmers,1965-01-11,1990-10-03,9999-01-01,Staff
56209,Remzi,Douceur,1965-01-19,1994-08-20,9999-01-01,Staff
56428,Olivera,Hanabata,1965-01-27,1989-12-13,9999-01-01,Staff
56682,Roded,Picco,1965-01-28,1999-09-30,9999-01-01,Senior Engineer
56847,Menkae,Chinin,1965-01-14,1996-10-28,9999-01-01,Engineer
57982,Paloma,Benzaken,1965-01-29,1989-11-26,9999-01-01,Senior Engineer
58141,Bezalel,Karner,1965-01-05,1986-10-23,9999-01-01,Engineer
58217,Kiyotoshi,Kusalik,1965-01-30,1989-07-03,9999-01-01,Senior Staff
58384,Mariusz,Vural,1965-01-22,1999-07-17,9999-01-01,Senior Engineer
58497,Yechiam,Cairo,1965-01-22,1989-02-05,9999-01-01,Engineer
58819,Gennady,Liesche,1965-01-04,1985-11-23,9999-01-01,Senior Engineer
58990,Palash,Trelles,1965-01-04,1999-01-20,9999-01-01,Senior Staff
59195,Ronnie,Pollock,1965-01-08,1990-07-16,9999-01-01,Senior Staff
59329,Zissis,Bazzichi,1965-01-15,1989-06-20,9999-01-01,Engineer
59640,Zita,Hiltgen,1965-01-18,1998-03-17,9999-01-01,Engineer
59869,Zsolt,Riefers,1965-02-01,1992-01-26,9999-01-01,Engineer
59966,Steen,Salvesen,1965-01-28,1998-10-11,9999-01-01,Staff
60091,Surveyors,Bade,1965-02-01,1997-08-16,9999-01-01,Staff
60238,Erzsebet,Claffy,1965-01-23,1996-05-15,9999-01-01,Senior Engineer
60559,Jeanna,Stemann,1965-01-19,1996-01-03,9999-01-01,Staff
60845,Bedir,Siegrist,1965-01-14,1991-05-29,9999-01-01,Senior Engineer
60875,Rildo,Masaki,1965-01-21,1994-10-13,9999-01-01,Engineer
61147,Leszek,Werthner,1965-01-30,1992-07-16,9999-01-01,Staff
61253,Cheong,Uhrik,1965-01-09,1998-03-18,9999-01-01,Engineer
61541,Kasidit,Papsdorf,1965-01-08,1988-03-15,9999-01-01,Engineer
61680,Hauke,Templeman,1965-01-24,1996-11-29,9999-01-01,Senior Engineer
61983,Sastry,Reeken,1965-01-18,1995-08-09,9999-01-01,Staff
62033,Heeju,Cappelli,1965-01-24,1989-08-02,9999-01-01,Senior Staff
62046,Karlis,Nanard,1965-01-31,1998-04-28,9999-01-01,Senior Engineer
62167,Mihalis,Haldar,1965-01-25,1992-08-09,9999-01-01,Engineer
62245,Adel,Bressoud,1965-01-01,1986-01-03,9999-01-01,Staff
62384,Akeel,Litzler,1965-01-02,1997-05-11,9999-01-01,Senior Engineer
63294,Tetsushi,Tanemo,1965-01-23,1993-05-14,9999-01-01,Assistant Engineer
63419,Hiroyasu,Seuren,1965-01-14,1999-12-27,9999-01-01,Staff
63441,Hinrich,Scallan,1965-01-15,1987-07-06,9999-01-01,Engineer
63444,Padma,Peres,1965-01-19,1998-01-18,9999-01-01,Staff
63631,Falguni,Cherinka,1965-01-22,1985-10-31,9999-01-01,Staff
63706,Sedat,Itzigehl,1965-01-26,1996-02-05,9999-01-01,Engineer
64023,Laurentiu,Benzmuller,1965-01-11,1992-11-11,9999-01-01,Engineer
64209,Golgen,Schoegge,1965-01-24,1993-10-20,9999-01-01,Engineer
64431,Faiza,Zongker,1965-01-25,1988-09-10,9999-01-01,Staff
64487,Tsutomu,Rebaine,1965-01-27,1998-10-02,9999-01-01,Engineer
64632,Zsolt,Brender,1965-01-07,1990-11-24,9999-01-01,Senior Staff
64828,Krister,Pappas,1965-01-27,1987-05-04,9999-01-01,Senior Staff
64984,Eldridge,Eldridge,1965-01-06,1986-12-04,9999-01-01,Engineer
65013,Chandrasekaran,Peral,1965-01-03,1999-09-02,9999-01-01,Senior Staff
65171,Jeane,Tasistro,1965-01-25,1999-12-30,9999-01-01,Engineer
65539,Aksel,Picaronny,1965-01-23,1999-01-28,9999-01-01,Senior Staff
65883,Patricia,Pepe,1965-01-07,1986-03-14,9999-01-01,Engineer
65998,Mandell,Alameldin,1965-01-09,1991-06-10,9999-01-01,Engineer
66382,Domenico,Candan,1965-01-04,1995-09-19,9999-01-01,Engineer
66530,Dung,Leaver,1965-01-29,1993-01-15,9999-01-01,Senior Staff
66643,Jianhao,Tomescu,1965-01-18,1992-04-28,9999-01-01,Senior Engineer
66702,Deniz,Thibadeau,1965-02-01,1987-11-22,9999-01-01,Staff
66757,Yonghong,Baig,1965-01-16,1995-01-18,9999-01-01,Senior Staff
67548,Fumitaka,Roohalamini,1965-01-11,1997-08-25,9999-01-01,Engineer
67934,Aiman,Gargeya,1965-01-07,1999-11-15,9999-01-01,Senior Staff
68168,Marl,Thiria,1965-01-14,1999-07-03,9999-01-01,Engineer
68416,Munenori,Debuse,1965-01-27,1991-06-25,9999-01-01,Engineer
68633,Chinhyun,Rassart,1965-01-28,1996-10-15,9999-01-01,Staff
68648,Jaques,DiGiano,1965-01-25,1995-06-06,9999-01-01,Senior Engineer
69052,Shietung,Shrader,1965-01-26,1991-02-19,9999-01-01,Senior Staff
69219,Shuky,Redmiles,1965-01-09,1986-11-10,9999-01-01,Senior Engineer
69878,Chinya,Cooke,1965-01-24,1994-05-23,9999-01-01,Senior Engineer
69936,Lalit,Unni,1965-01-23,1989-09-21,9999-01-01,Staff
70469,Tru,Miyakawa,1965-01-12,1994-10-25,9999-01-01,Senior Engineer
70780,Behnaam,Angelov,1965-01-27,1996-10-26,9999-01-01,Staff
70990,Arumugam,Nitta,1965-01-22,1988-11-18,9999-01-01,Staff
71066,Domenick,Basart,1965-01-27,1986-02-08,9999-01-01,Assistant Engineer
71188,Pranjal,Schapiro,1965-01-02,1998-11-10,9999-01-01,Senior Staff
71334,Cathie,Peck,1965-01-15,1995-05-26,9999-01-01,Senior Staff
71685,Kristinn,Olano,1965-01-01,1987-12-18,9999-01-01,Engineer
71710,Hitomi,Takanami,1965-01-31,1995-05-02,9999-01-01,Senior Engineer
72190,Sajjad,Waeselynck,1965-01-19,1989-02-19,9999-01-01,Engineer
72194,Feiyu,Siepmann,1965-01-26,1986-12-13,9999-01-01,Senior Engineer
72232,Naraig,Veldwijk,1965-01-10,1992-12-30,9999-01-01,Senior Engineer
72640,Honglan,Hutton,1965-01-24,1989-09-20,9999-01-01,Senior Engineer
73076,Froduald,Feldhoffer,1965-01-22,2001-08-27,9999-01-01,Senior Staff
73743,Anneke,Bernardeschi,1965-01-15,1993-05-16,9999-01-01,Senior Staff
73794,Aiichiro,Castellani,1965-01-26,1997-11-29,9999-01-01,Staff
73903,Bartek,Cappello,1965-01-29,1989-12-09,9999-01-01,Senior Engineer
74200,Holgard,Weiland,1965-01-16,1994-09-12,9999-01-01,Staff
74344,Hiroyasu,Provine,1965-02-01,1996-02-27,9999-01-01,Staff
74598,Kolar,Garigliano,1965-01-07,1993-12-04,9999-01-01,Senior Staff
74800,Yuuichi,Conde,1965-01-25,1995-10-07,9999-01-01,Staff
75113,Zissis,Birch,1965-01-22,1993-10-23,9999-01-01,Staff
75354,Shuky,Jakobus,1965-01-11,1988-12-04,9999-01-01,Engineer
75703,Kyoichi,Erman,1965-01-08,1994-08-01,9999-01-01,Senior Engineer
75888,Marsal,Otillio,1965-01-31,1998-09-16,9999-01-01,Engineer
76178,Chiradeep,Meriste,1965-01-19,1989-12-03,9999-01-01,Engineer
76189,Kolar,Hinsberger,1965-01-02,1987-11-14,9999-01-01,Technique Leader
76201,Arif,Preusig,1965-01-10,1985-11-11,9999-01-01,Engineer
76417,Parviz,Duclos,1965-01-31,1996-04-13,9999-01-01,Staff
76598,Keung,Ferriere,1965-01-24,1992-06-02,9999-01-01,Staff
76640,Tristan,Mitsuhashi,1965-01-02,1988-11-24,9999-01-01,Technique Leader
77030,Faiza,Garnham,1965-01-02,1995-11-06,9999-01-01,Staff
77157,Tesuro,Nicolson,1965-01-14,1985-07-08,9999-01-01,Engineer
77303,Xinglin,Birge,1965-01-18,1996-08-30,9999-01-01,Senior Engineer
77647,Niranjan,Schaaf,1965-01-07,1993-02-13,9999-01-01,Senior Engineer
77815,Ronghao,Picaronny,1965-01-21,1995-05-06,9999-01-01,Assistant Engineer
78086,Fabrizio,Anick,1965-01-20,1988-10-09,9999-01-01,Engineer
78106,Ashish,Ratnaker,1965-01-09,1987-04-23,9999-01-01,Senior Staff
78171,Teiji,Hinsberger,1965-01-12,1987-06-28,9999-01-01,Staff
78363,Susumu,Fritzsche,1965-01-03,1992-11-08,9999-01-01,Engineer
78469,Leucio,Cappelli,1965-01-28,1994-02-08,9999-01-01,Staff
78871,Conor,Ghandeharizadeh,1965-01-15,1990-08-31,9999-01-01,Engineer
79043,Katsuo,Hockney,1965-01-24,1994-03-19,9999-01-01,Staff
79171,Guiseppe,Ellozy,1965-01-19,1999-08-26,9999-01-01,Engineer
79190,Tsuneo,Servi,1965-01-18,1991-05-26,9999-01-01,Staff
79239,Denny,Griswold,1965-01-07,1991-09-18,9999-01-01,Senior Engineer
79310,Jeong,Cunliffe,1965-01-24,1992-05-10,9999-01-01,Staff
79606,Arnd,Peir,1965-01-03,1995-07-03,9999-01-01,Senior Engineer
79640,Marl,Litzkow,1965-01-26,1985-10-13,9999-01-01,Engineer
79722,Make,Remmers,1965-01-17,1988-01-03,9999-01-01,Engineer
79763,Sanjoy,Barreiro,1965-01-20,1988-05-18,9999-01-01,Engineer
79895,Fei,Murtagh,1965-01-30,1999-03-21,9999-01-01,Senior Engineer
80067,Kazuhisa,Weiland,1965-01-19,1987-01-25,9999-01-01,Engineer
80203,Shakhar,Baik,1965-01-22,1997-09-07,9999-01-01,Technique Leader
80432,Stella,Figueira,1965-01-17,1997-06-24,9999-01-01,Senior Engineer
80656,Kwan,Gide,1965-01-09,1997-12-31,9999-01-01,Senior Engineer
80745,Rimli,Huttel,1965-01-09,1992-04-26,9999-01-01,Senior Staff
80850,Koldo,Luit,1965-02-01,1996-07-02,9999-01-01,Senior Engineer
80889,Shigeo,Linnainmaa,1965-01-07,1998-09-03,9999-01-01,Staff
80948,Harjit,Bardell,1965-01-27,1996-11-09,9999-01-01,Senior Engineer
81105,Jaewon,Boissier,1965-01-14,1999-04-29,9999-01-01,Engineer
81162,Marco,Klerer,1965-01-28,1998-12-09,9999-01-01,Senior Engineer
81545,Larisa,Kornyak,1965-01-13,1987-07-10,9999-01-01,Engineer
81619,Gen,Aloisi,1965-01-12,1992-06-23,9999-01-01,Staff
82098,Poornachandra,Wilharm,1965-01-25,1992-06-06,9999-01-01,Senior Staff
82511,Uwe,Koblick,1965-01-27,1985-04-03,9999-01-01,Staff
82919,Shigeu,Claffy,1965-01-05,1995-07-20,9999-01-01,Senior Staff
82928,Alselm,Rikino,1965-01-27,1989-05-08,9999-01-01,Senior Engineer
83289,Shigeichiro,Engelmann,1965-01-09,1999-02-23,9999-01-01,Engineer
83509,Breannda,Collavizza,1965-01-04,1989-02-21,9999-01-01,Senior Staff
83544,Leaf,Baak,1965-01-18,1998-01-23,9999-01-01,Engineer
83714,Ohad,Kilgore,1965-01-27,1994-12-06,9999-01-01,Engineer
83805,Manohar,Harllee,1965-01-23,1997-01-28,9999-01-01,Technique Leader
84029,Babette,Eugenio,1965-01-27,1988-12-02,9999-01-01,Senior Engineer
84163,Zejun,Roisin,1965-01-11,1999-05-05,9999-01-01,Staff
84236,Eberhardt,Barriga,1965-01-18,1989-08-25,9999-01-01,Engineer
84256,Denny,Cheshire,1965-01-25,1996-02-15,9999-01-01,Staff
84315,Kristina,Baumann,1965-01-23,1995-08-13,9999-01-01,Staff
84451,Shiv,Aumann,1965-01-20,1993-11-01,9999-01-01,Technique Leader
84494,Janalee,Loncour,1965-01-02,1986-08-19,9999-01-01,Senior Engineer
84508,Tommaso,Vidya,1965-01-17,1996-05-29,9999-01-01,Senior Engineer
84840,Sverrir,Neimat,1965-01-14,1994-07-05,9999-01-01,Senior Engineer
84922,Parke,Unno,1965-01-22,1996-04-20,9999-01-01,Senior Staff
85216,Ferdinand,Rosiles,1965-01-18,1997-04-29,9999-01-01,Engineer
85288,Younwoo,Luders,1965-01-06,1997-10-22,9999-01-01,Senior Engineer
85414,Chiradeep,Callaway,1965-01-14,1995-02-27,9999-01-01,Engineer
85445,Yongdong,Pollock,1965-01-09,1995-10-11,9999-01-01,Staff
85702,Udi,Merks,1965-01-04,1990-04-15,9999-01-01,Staff
86213,Kristine,Clemencon,1965-01-28,1993-08-06,9999-01-01,Engineer
86324,Maia,Berstel,1965-01-14,1994-01-14,9999-01-01,Senior Staff
86422,Jaewon,Thummel,1965-02-01,1986-06-27,9999-01-01,Senior Engineer
86546,Oldrich,Woycyznski,1965-01-09,1998-07-25,9999-01-01,Staff
86655,Zhenhua,Lorys,1965-01-01,1985-12-16,9999-01-01,Engineer
86672,JoAnne,Anido,1965-01-15,1990-12-11,9999-01-01,Engineer
87353,Quingbo,Coombs,1965-01-07,1996-06-21,9999-01-01,Staff
87458,Mikhail,Gimbel,1965-01-26,1994-06-05,9999-01-01,Engineer
87714,Khun,Janetzko,1965-01-16,1986-08-04,9999-01-01,Staff
87729,Yongmin,Roccetti,1965-01-24,1989-11-16,9999-01-01,Engineer
87783,Conor,Thorensen,1965-01-26,1997-05-09,9999-01-01,Staff
88357,Manohar,Karcich,1965-01-05,1985-05-16,9999-01-01,Engineer
88411,Lena,Cannane,1965-01-31,1993-05-18,9999-01-01,Engineer
88422,Jungsoon,Birsak,1965-01-28,1993-11-30,9999-01-01,Staff
88647,Vasiliy,Ratnaker,1965-01-10,1987-09-22,9999-01-01,Staff
88958,Vojin,Coombs,1965-01-22,1997-08-21,9999-01-01,Staff
88965,Mang,Hedayat,1965-01-20,1991-12-06,9999-01-01,Staff
89048,Otmar,Birjandi,1965-01-24,1985-06-02,9999-01-01,Senior Staff
89207,Along,Erol,1965-01-15,1992-09-04,9999-01-01,Senior Engineer
89346,Mansur,Comyn,1965-01-13,1990-02-23,9999-01-01,Engineer
89487,Kazuhira,Seiwald,1965-01-29,2000-12-16,9999-01-01,Senior Engineer
89590,Guther,Rothenberg,1965-01-27,2000-01-16,9999-01-01,Technique Leader
89664,Pranjal,Rossi,1965-01-20,1988-02-13,9999-01-01,Senior Engineer
89922,Alexius,Ibel,1965-01-26,1989-11-21,9999-01-01,Engineer
89941,Arnould,Weedman,1965-01-23,1997-12-10,9999-01-01,Senior Engineer
90077,Vivian,Guerreiro,1965-01-24,1989-03-28,9999-01-01,Engineer
90084,Renny,Bale,1965-01-01,1991-04-14,9999-01-01,Staff
90116,Brigham,Luiz,1965-01-11,1996-01-25,9999-01-01,Senior Engineer
90211,Bader,Denis,1965-01-15,1999-02-11,9999-01-01,Staff
90292,Koichi,Assaf,1965-01-09,1990-05-03,9999-01-01,Senior Engineer
90366,Magy,Eiron,1965-01-26,1996-07-10,9999-01-01,Senior Staff
90518,Fumiko,Chepyzhov,1965-01-24,1996-05-07,9999-01-01,Senior Engineer
91182,Lucien,Schwartzburd,1965-01-04,1997-09-11,9999-01-01,Senior Staff
91229,Yahiko,Hebden,1965-01-01,1998-08-26,9999-01-01,Senior Engineer
91256,Gunilla,Milicic,1965-01-13,1992-01-05,9999-01-01,Senior Engineer
91308,Remmert,Plumb,1965-01-23,1988-06-08,9999-01-01,Staff
91648,Dmitry,Msuda,1965-01-29,1995-09-15,9999-01-01,Staff
92438,Aria,Kilgore,1965-01-04,1996-05-10,9999-01-01,Engineer
92443,Girolamo,Bellmore,1965-01-01,1990-05-21,9999-01-01,Senior Engineer
92454,Visit,McFarlan,1965-01-24,1987-05-02,9999-01-01,Technique Leader
92577,Zhanqiu,Farrow,1965-01-06,1993-09-06,9999-01-01,Senior Engineer
92598,Ranga,Merro,1965-01-18,1997-01-06,9999-01-01,Staff
92685,Mang,Atchley,1965-01-26,1993-06-03,9999-01-01,Senior Staff
92841,Claude,Candan,1965-01-22,1994-01-14,9999-01-01,Senior Engineer
92846,Anyuan,Kropatsch,1965-01-11,1992-12-22,9999-01-01,Engineer
93040,Jaques,Kabayashi,1965-01-19,1997-09-06,9999-01-01,Senior Engineer
93278,Magdalena,Penn,1965-02-01,1987-04-20,9999-01-01,Staff
93600,Kristina,Neimat,1965-01-13,1993-12-08,9999-01-01,Technique Leader
93794,Rimli,Werthner,1965-01-23,1988-01-30,9999-01-01,Engineer
94045,Gift,Brender,1965-01-19,1989-10-17,9999-01-01,Senior Engineer
94131,Bernardo,Vasanthakumar,1965-01-29,1986-07-14,9999-01-01,Senior Engineer
94331,Ramzi,Cronau,1965-01-26,1994-07-14,9999-01-01,Staff
94416,Aran,Cesareni,1965-01-01,1992-04-10,9999-01-01,Staff
94442,Bilhanan,Marrakchi,1965-01-28,1995-12-03,9999-01-01,Staff
94690,Kazuyasu,Sridhar,1965-01-30,1999-11-24,9999-01-01,Engineer
94761,Hitofumi,Zaccaria,1965-01-27,1987-05-20,9999-01-01,Senior Staff
94787,Shigenori,Stanfel,1965-01-22,1991-12-15,9999-01-01,Senior Staff
95181,Yishai,Cappelli,1965-01-28,1998-10-27,9999-01-01,Engineer
95416,Gianluca,Ramaiah,1965-01-13,2000-06-17,9999-01-01,Senior Staff
95509,Kristinn,Loncour,1965-01-11,1993-08-29,9999-01-01,Staff
95692,Abdulah,Hofstetter,1965-01-20,1989-04-29,9999-01-01,Staff
95920,Nobuyoshi,Hegner,1965-01-19,1995-08-11,9999-01-01,Senior Engineer
96571,Kokou,Garrabrants,1965-01-13,1986-03-07,9999-01-01,Senior Engineer
96579,Mohan,Tasistro,1965-01-18,1989-03-13,9999-01-01,Staff
97092,Anwar,Riexinger,1965-01-22,1989-06-12,9999-01-01,Senior Engineer
97623,Haldon,Janetzko,1965-01-25,1987-03-17,9999-01-01,Staff
98306,Ziya,Kadhim,1965-01-16,1985-07-05,9999-01-01,Engineer
98639,Florina,Assaf,1965-01-29,1994-08-17,9999-01-01,Senior Engineer
99057,Shugo,Reeken,1965-01-30,1998-01-31,9999-01-01,Technique Leader
99590,Dhritiman,Anily,1965-01-24,1995-03-28,9999-01-01,Staff
99654,Mahendra,Motley,1965-01-30,1992-01-29,9999-01-01,Senior Engineer
100865,Hisao,Peral,1965-01-19,1996-03-17,9999-01-01,Senior Engineer
100916,Heejo,Aamodt,1965-01-18,1989-04-26,9999-01-01,Engineer
101647,Mori,Homond,1965-01-22,1994-10-12,9999-01-01,Staff
102620,Adin,Templeman,1965-01-03,1987-03-02,9999-01-01,Staff
103166,Waiman,Dalton,1965-01-09,1990-01-25,9999-01-01,Staff
103196,Djenana,Albarhamtoshy,1965-01-16,1998-03-13,9999-01-01,Engineer
103310,Visit,Swen,1965-01-07,1997-10-31,9999-01-01,Assistant Engineer
103316,Susanne,Peternell,1965-01-03,1997-12-18,9999-01-01,Staff
103756,Heping,Halloran,1965-01-31,1990-11-07,9999-01-01,Senior Engineer
104133,Pranjal,Zyda,1965-01-31,1987-07-08,9999-01-01,Staff
104845,Werner,Lodder,1965-01-29,1996-05-22,9999-01-01,Senior Staff
104962,Zongyan,Auyong,1965-01-04,1991-04-06,9999-01-01,Senior Staff
104988,Parviz,Litzler,1965-01-07,1993-03-20,9999-01-01,Engineer
105191,Jaber,Kleiser,1965-01-01,2000-07-26,9999-01-01,Staff
105342,Kwun,Reeker,1965-01-01,1988-06-08,9999-01-01,Senior Staff
105356,Diederik,Matzov,1965-01-29,1996-07-02,9999-01-01,Engineer
105589,Yechiam,Egerstedt,1965-01-28,1993-07-09,9999-01-01,Engineer
105731,Sachem,Cromarty,1965-01-15,1998-05-20,9999-01-01,Senior Staff
106242,Nevio,Thisen,1965-02-01,1987-04-06,9999-01-01,Senior Engineer
106514,Otilia,Speek,1965-01-04,1999-11-30,9999-01-01,Senior Engineer
106695,Lijie,Garrabrants,1965-01-31,1994-11-14,9999-01-01,Senior Engineer
106710,Babette,Anandan,1965-01-31,1999-08-20,9999-01-01,Staff
106958,Horward,Begiun,1965-01-24,1999-10-06,9999-01-01,Staff
107486,Siamak,Luiz,1965-01-23,1990-05-09,9999-01-01,Technique Leader
107737,Fabrizio,Chleq,1965-01-23,1985-05-16,9999-01-01,Senior Engineer
107792,Shahab,Crooks,1965-01-13,1989-11-14,9999-01-01,Engineer
107828,Ramya,Walston,1965-01-26,1992-03-31,9999-01-01,Engineer
108198,Randi,Samarati,1965-01-24,1994-05-09,9999-01-01,Engineer
109062,Jamaludin,Kandlur,1965-02-01,1995-08-26,9999-01-01,Engineer
109211,Gor,Delgrande,1965-01-11,1989-11-03,9999-01-01,Engineer
109278,Bangqing,Schach,1965-01-21,1989-05-02,9999-01-01,Senior Engineer
109547,Chenye,Zizka,1965-01-04,1995-01-11,9999-01-01,Engineer
109552,Menkae,Etalle,1965-01-31,1986-07-15,9999-01-01,Staff
109598,Stamatina,Auyong,1965-02-01,1992-03-28,9999-01-01,Engineer
109620,Mani,Cannata,1965-01-02,1996-08-11,9999-01-01,Senior Staff
109741,Hatem,Fadgyas,1965-01-11,1994-08-23,9999-01-01,Staff
109953,Godehard,Chorvat,1965-01-26,1994-08-24,9999-01-01,Senior Staff
110077,Slavian,Cincotta,1965-01-27,1986-10-28,9999-01-01,Senior Staff
110201,Shahab,Luit,1965-01-31,1987-11-16,9999-01-01,Staff
110292,Chuanti,Luff,1965-01-08,1998-08-04,9999-01-01,Senior Engineer
110337,Akemi,Fujisaki,1965-01-27,1994-04-20,9999-01-01,Engineer
110388,Kirk,Quaggetto,1965-01-10,1999-03-16,9999-01-01,Senior Staff
110760,Dinah,Denos,1965-01-09,1991-02-09,9999-01-01,Technique Leader
110814,Susumu,Camurati,1965-01-14,1988-06-09,9999-01-01,Staff
111205,Odinaldo,Bridgland,1965-01-15,1988-01-10,9999-01-01,Senior Staff
111733,Anneli,Perl,1965-01-15,1996-06-23,9999-01-01,Senior Engineer
111734,Fan,Kakkad,1965-01-01,1999-10-30,9999-01-01,Senior Staff
111764,Genta,Terekhov,1965-01-16,1991-08-05,9999-01-01,Engineer
111826,Waiman,Genin,1965-01-12,1986-04-03,9999-01-01,Engineer
111940,Sudharsan,DeMori,1965-01-02,1990-05-31,9999-01-01,Engineer
112056,Annemarie,Peternell,1965-01-23,1996-06-10,9999-01-01,Senior Engineer
112316,Ortrun,Schmiedel,1965-01-16,1993-05-27,9999-01-01,Staff
112439,Zvonko,Murthy,1965-01-13,1991-07-02,9999-01-01,Senior Engineer
112577,Morris,Saoudi,1965-01-05,1993-11-05,9999-01-01,Senior Engineer
112851,Kerhong,Matzke,1965-01-19,1988-03-08,9999-01-01,Engineer
112907,Isaac,Koshino,1965-01-25,2001-05-24,9999-01-01,Senior Staff
112975,Giordano,Pietrzykowski,1965-01-17,1996-06-10,9999-01-01,Assistant Engineer
113499,Hugh,Jonsson,1965-01-03,1996-12-23,9999-01-01,Engineer
113520,Zongyan,Gips,1965-01-02,2000-01-16,9999-01-01,Senior Staff
113624,Ewing,DiGiano,1965-01-21,1992-02-06,9999-01-01,Senior Staff
113745,Sasan,Thimonier,1965-01-30,1989-08-25,9999-01-01,Senior Engineer
113971,Yefim,Marwedel,1965-01-23,1995-11-20,9999-01-01,Assistant Engineer
114158,Susuma,Bergere,1965-01-22,1999-07-16,9999-01-01,Staff
114271,Arve,Worfolk,1965-01-09,1986-04-24,9999-01-01,Senior Engineer
114450,Gretta,Huttel,1965-01-03,2000-02-01,9999-01-01,Engineer
114495,Hein,Lichtner,1965-01-22,1988-05-23,9999-01-01,Staff
114496,Franziska,Maginnis,1965-01-27,1999-07-18,9999-01-01,Senior Engineer
115043,Yahiko,Awdeh,1965-01-26,1986-10-03,9999-01-01,Senior Staff
115110,Moni,Kornyak,1965-01-23,1996-07-02,9999-01-01,Engineer
115387,Masasuke,Makinen,1965-01-25,1991-01-20,9999-01-01,Engineer
115525,Mary,Setiz,1965-01-04,1997-07-13,9999-01-01,Senior Staff
115652,Stabislas,Broder,1965-01-21,2002-06-11,9999-01-01,Senior Engineer
115685,Kien,Barreiro,1965-01-27,1997-04-16,9999-01-01,Staff
115724,Youjian,Yetto,1965-01-31,2002-06-23,9999-01-01,Senior Staff
115814,Limsoon,Skafidas,1965-01-31,1996-10-15,9999-01-01,Assistant Engineer
115888,Aiichiro,Kusalik,1965-01-06,1991-08-16,9999-01-01,Senior Staff
116773,Yucai,Fabrizio,1965-01-07,1988-04-11,9999-01-01,Senior Staff
116861,Guadalupe,Pfau,1965-01-12,1998-11-18,9999-01-01,Staff
116890,Vasilii,Cochrane,1965-01-28,1994-03-29,9999-01-01,Engineer
117046,Jacqueline,Akaboshi,1965-01-20,1995-03-04,9999-01-01,Senior Engineer
117229,Kellie,Schrooten,1965-01-25,2001-01-14,9999-01-01,Staff
117576,Baziley,Falck,1965-01-15,1997-04-23,9999-01-01,Engineer
117804,Chinya,Kamble,1965-01-16,1988-03-30,9999-01-01,Staff
118355,Shen,Flanders,1965-01-11,1998-09-26,9999-01-01,Staff
118664,Larisa,Lukaszewicz,1965-01-27,1998-06-08,9999-01-01,Staff
119481,Adhemar,Leonhardt,1965-01-19,1999-02-09,9999-01-01,Engineer
119590,Dante,Covnot,1965-01-09,1998-08-26,9999-01-01,Senior Engineer
119706,Tianruo,Bratten,1965-01-20,1986-04-17,9999-01-01,Senior Engineer
119737,Nimmagadda,Baak,1965-01-17,1993-08-10,9999-01-01,Engineer
120042,Shalesh,Lovengreen,1965-01-28,1986-04-26,9999-01-01,Staff
120317,Lihong,Zeilberger,1965-01-18,1996-01-02,9999-01-01,Engineer
120474,Gino,Lagarias,1965-01-19,1996-06-03,9999-01-01,Senior Engineer
120554,Adam,Besancenot,1965-01-29,1997-02-19,9999-01-01,Senior Staff
120635,Arco,Crouzet,1965-01-23,1988-11-20,9999-01-01,Engineer
120811,Werner,Ranze,1965-01-31,1999-08-15,9999-01-01,Engineer
121883,Domenico,Ratnaker,1965-01-08,1995-04-17,9999-01-01,Engineer
121904,Gao,Ranze,1965-01-12,1994-07-30,9999-01-01,Engineer
122099,Tomokazu,Byoun,1965-01-11,1994-08-01,9999-01-01,Staff
122118,Leni,Henders,1965-01-11,1987-09-10,9999-01-01,Senior Staff
122156,Debatosh,Rajala,1965-01-21,1999-03-09,9999-01-01,Senior Staff
122179,Sailaja,Holburn,1965-01-17,1991-01-16,9999-01-01,Staff
122386,Claudi,Stanfel,1965-01-16,1995-04-13,9999-01-01,Senior Staff
122728,Kien,Bennis,1965-01-02,1986-04-12,9999-01-01,Senior Engineer
122835,Qingxiang,Swan,1965-01-16,1994-02-28,9999-01-01,Staff
123041,Yongmao,Fontan,1965-01-22,1998-06-11,9999-01-01,Engineer
124209,Sivanarayana,Ranka,1965-01-11,1986-07-16,9999-01-01,Engineer
124240,Xiaoqiang,Cardazo,1965-01-25,1990-06-11,9999-01-01,Engineer
124416,Rayond,Klassen,1965-01-15,1998-06-04,9999-01-01,Senior Staff
124452,Peer,Molberg,1965-01-29,1996-07-01,9999-01-01,Senior Engineer
124564,Ingmar,Kohling,1965-01-27,1985-02-26,9999-01-01,Engineer
124814,Arfst,Chepyzhov,1965-01-28,1993-05-21,9999-01-01,Engineer
125020,Dinkar,Hoppenstand,1965-01-12,1999-01-30,9999-01-01,Senior Staff
125444,Flemming,Kroha,1965-01-16,1999-06-21,9999-01-01,Senior Engineer
125654,Munehiro,Manders,1965-01-15,1997-10-02,9999-01-01,Senior Engineer
125868,Pramod,Loncour,1965-01-30,1991-06-24,9999-01-01,Staff
126079,Sahrah,Angiulli,1965-01-24,1997-07-02,9999-01-01,Staff
126087,Shuichi,Anick,1965-01-22,1990-06-22,9999-01-01,Senior Staff
126271,Francoise,Rullman,1965-01-21,1986-07-11,9999-01-01,Senior Engineer
126400,Byong,Gustavson,1965-01-16,1995-10-15,9999-01-01,Engineer
126527,Xiaocheng,Suermann,1965-01-26,1993-06-01,9999-01-01,Senior Engineer
126598,Ashish,Vidya,1965-01-29,1986-10-12,9999-01-01,Engineer
126946,Lena,Lenart,1965-01-22,2001-12-27,9999-01-01,Senior Engineer
127051,Otmar,Engberts,1965-01-11,1999-03-21,9999-01-01,Senior Staff
127105,Masami,Puoti,1965-01-12,1988-02-02,9999-01-01,Engineer
127297,Yuchang,Eldridge,1965-01-21,1988-10-16,9999-01-01,Assistant Engineer
127311,Yannik,Spelt,1965-01-05,1994-09-19,9999-01-01,Staff
127345,Abdelwaheb,Denis,1965-01-10,1986-06-12,9999-01-01,Senior Staff
127388,Horward,Marzano,1965-01-14,1991-08-29,9999-01-01,Senior Engineer
127825,Shay,Servieres,1965-02-01,1995-08-24,9999-01-01,Senior Engineer
128125,Jiong,Garnham,1965-01-24,1993-02-25,9999-01-01,Senior Engineer
128324,Almudena,Genin,1965-01-09,1993-06-23,9999-01-01,Senior Staff
128854,Eckart,Foong,1965-01-17,1988-10-28,9999-01-01,Senior Engineer
129072,Aemilian,Kusalik,1965-01-30,1990-10-23,9999-01-01,Engineer
129077,Marsal,Acton,1965-01-06,1993-12-21,9999-01-01,Senior Staff
129442,Subhrajyoti,Denna,1965-01-29,1998-04-20,9999-01-01,Engineer
129522,Moie,Zastre,1965-01-22,1987-12-31,9999-01-01,Engineer
130054,Demos,Asser,1965-01-17,1997-06-29,9999-01-01,Staff
130156,Reinhard,Slaats,1965-01-09,1998-08-27,9999-01-01,Senior Staff
130553,Sibyl,Rabehasaina,1965-01-06,1999-03-30,9999-01-01,Senior Staff
130607,Poornachandra,Zielinski,1965-01-08,1997-10-19,9999-01-01,Senior Engineer
130650,Shigenori,Deville,1965-01-25,1990-01-04,9999-01-01,Senior Staff
130724,Nahid,Gyimothy,1965-01-07,1991-07-23,9999-01-01,Senior Staff
130824,Perla,Orlowska,1965-01-17,1992-05-27,9999-01-01,Staff
131151,Tesuya,dAstous,1965-01-23,1997-06-27,9999-01-01,Senior Engineer
131392,Saddek,Farris,1965-01-13,1987-03-17,9999-01-01,Staff
131394,Abdulah,Pocchiola,1965-01-28,2002-04-20,9999-01-01,Senior Engineer
131724,Szabolcs,Georgatos,1965-01-15,1986-07-10,9999-01-01,Engineer
131998,Sangeeta,Kalefeld,1965-01-17,1992-12-04,9999-01-01,Senior Staff
132231,Stein,Uludag,1965-01-21,1992-05-01,9999-01-01,Senior Engineer
132336,Miyeon,Billingsley,1965-01-20,1986-06-15,9999-01-01,Engineer
132344,Matt,Chvatal,1965-01-20,1994-09-13,9999-01-01,Assistant Engineer
132379,Valdiodio,Schlumberger,1965-01-15,1999-09-07,9999-01-01,Technique Leader
132641,Badri,Schapire,1965-02-01,1994-06-23,9999-01-01,Staff
132726,Lein,Delaune,1965-01-24,1992-02-10,9999-01-01,Staff
132795,Kazuhiko,Kushner,1965-01-22,1985-06-10,9999-01-01,Senior Engineer
132903,Annemarie,Zallocco,1965-01-10,1988-02-21,9999-01-01,Staff
132951,Limsoon,Erol,1965-01-10,1986-08-31,9999-01-01,Staff
132977,Gopalakrishnan,Suermann,1965-01-28,1998-12-18,9999-01-01,Senior Engineer
133618,Hidefumi,Moehrke,1965-01-20,2002-02-01,9999-01-01,Senior Engineer
134360,Perry,Chachaty,1965-01-29,1991-12-25,9999-01-01,Staff
134415,TRUE,Shobatake,1965-01-24,1997-05-27,9999-01-01,Staff
134959,George,Miake,1965-01-05,1987-05-19,9999-01-01,Staff
135626,Masasuke,Genin,1965-01-13,1997-10-27,9999-01-01,Senior Engineer
135892,Ramalingam,Remmele,1965-01-26,1996-03-22,9999-01-01,Senior Engineer
135989,Mooi,Cooman,1965-01-19,1996-08-22,9999-01-01,Senior Engineer
136241,Giordano,Gini,1965-01-28,1996-02-15,9999-01-01,Engineer
136252,Herbert,Erva,1965-01-07,1987-12-26,9999-01-01,Engineer
137501,Macha,Schnabel,1965-01-11,1992-11-11,9999-01-01,Senior Staff
137706,Mikhail,Rousseau,1965-01-30,1993-08-18,9999-01-01,Senior Engineer
137924,Garnik,Luce,1965-01-23,1987-08-08,9999-01-01,Staff
138123,IEEE,Kroll,1965-01-18,1994-07-04,9999-01-01,Senior Staff
138273,Yuriy,Plump,1965-01-09,1989-08-09,9999-01-01,Staff
138791,Nahla,Smailagic,1965-01-11,1991-10-17,9999-01-01,Senior Staff
139123,Berry,Yurek,1965-01-08,1987-11-19,9999-01-01,Senior Staff
139245,Fabrizio,Lichtman,1965-01-21,1991-04-28,9999-01-01,Senior Staff
139273,Harjit,Terekhov,1965-01-27,1995-09-09,9999-01-01,Senior Engineer
139411,Pohua,Tasistro,1965-01-03,1989-05-05,9999-01-01,Senior Engineer
139416,Paloma,Henseler,1965-01-15,1989-02-24,9999-01-01,Senior Engineer
139572,Moni,Schach,1965-01-03,1989-04-28,9999-01-01,Senior Engineer
139715,Mokhtar,Sherertz,1965-01-08,1990-06-25,9999-01-01,Senior Staff
139752,Ewing,Millington,1965-01-23,1991-06-24,9999-01-01,Senior Engineer
140006,Jamaludin,Fordan,1965-01-19,1988-05-21,9999-01-01,Assistant Engineer
140027,Tadahiro,Backhouse,1965-01-07,1994-05-29,9999-01-01,Senior Engineer
140379,Yinghua,Lorho,1965-01-31,1997-05-15,9999-01-01,Staff
140523,Kolar,Puppo,1965-01-15,1988-05-25,9999-01-01,Engineer
140714,Dietrich,Crabtree,1965-01-14,1993-02-06,9999-01-01,Senior Staff
140846,Toshiki,Raney,1965-01-20,1985-07-01,9999-01-01,Senior Engineer
140890,Takushi,Brattka,1965-01-02,1999-01-18,9999-01-01,Senior Staff
141068,Torsten,Slobodova,1965-01-01,1993-02-22,9999-01-01,Engineer
141094,Trygve,Siksek,1965-01-22,1999-11-30,9999-01-01,Engineer
141696,Chandrasekaran,Pearson,1965-01-07,1998-02-22,9999-01-01,Engineer
141823,Goetz,Alvarado,1965-01-28,1992-12-12,9999-01-01,Engineer
142203,Etsuo,Anandan,1965-01-29,1992-11-06,9999-01-01,Senior Staff
142234,Nitsan,Rouquie,1965-01-11,1987-10-25,9999-01-01,Engineer
142483,Nikolaus,Yetto,1965-01-04,1990-04-15,9999-01-01,Assistant Engineer
142722,Barry,Ramsak,1965-01-23,1992-07-21,9999-01-01,Senior Engineer
143139,Alselm,Gargeya,1965-01-20,1985-06-29,9999-01-01,Senior Engineer
143419,Khalid,Lenart,1965-01-06,2000-01-01,9999-01-01,Technique Leader
143422,Fay,Sundgren,1965-01-16,1989-01-27,9999-01-01,Engineer
143558,Seongbae,Sluis,1965-01-10,1995-07-11,9999-01-01,Senior Staff
143715,Cedric,Riefers,1965-01-17,1987-12-11,9999-01-01,Engineer
143784,Zissis,Lodder,1965-01-14,1995-11-22,9999-01-01,Staff
143810,Baziley,Ballarin,1965-01-30,1986-08-15,9999-01-01,Senior Staff
144220,Luerbio,Terkki,1965-01-07,1985-09-15,9999-01-01,Staff
144303,Tzu,Impagliazzo,1965-01-20,1999-12-25,9999-01-01,Staff
144764,Foong,Aamodt,1965-01-31,1999-12-29,9999-01-01,Senior Staff
145042,Irena,Dratva,1965-01-17,1996-03-15,9999-01-01,Engineer
145121,Sverrir,Gyimothy,1965-01-21,1989-03-18,9999-01-01,Staff
145294,Keiichiro,Feldmann,1965-01-31,1991-02-22,9999-01-01,Senior Engineer
145350,Gro,Prochazka,1965-01-06,1985-09-01,9999-01-01,Engineer
145393,Anneli,Joslin,1965-01-09,1985-08-15,9999-01-01,Engineer
145483,Gio,Heuser,1965-01-05,1997-03-15,9999-01-01,Engineer
145571,Tianruo,Speer,1965-01-17,1986-12-09,9999-01-01,Staff
145818,Jayesh,Spinelli,1965-01-03,1995-03-30,9999-01-01,Engineer
146340,IEEE,Raczkowsky,1965-01-31,1996-04-16,9999-01-01,Engineer
146584,Berna,Nanard,1965-01-20,1988-05-24,9999-01-01,Senior Engineer
146616,Insup,Reinhard,1965-01-11,1998-03-08,9999-01-01,Technique Leader
146908,Huan,Olivero,1965-01-27,1996-09-21,9999-01-01,Staff
146989,Adel,Foote,1965-01-17,1985-03-25,9999-01-01,Senior Engineer
147314,Brendon,Fritzsche,1965-01-24,1989-10-01,9999-01-01,Senior Engineer
147615,Annemarie,Irland,1965-01-25,1999-04-11,9999-01-01,Engineer
148277,Uno,Suppi,1965-01-09,1997-06-24,9999-01-01,Staff
149092,Tadahiko,Pocchiola,1965-01-11,1996-07-10,9999-01-01,Engineer
149269,Abdulla,Kitai,1965-01-13,1994-04-29,9999-01-01,Senior Staff
149689,Sugwoo,Michaels,1965-01-04,1999-07-17,9999-01-01,Senior Staff
149731,Arunas,Bugrara,1965-01-15,1992-12-11,9999-01-01,Senior Staff
149773,Bilhanan,Dusink,1965-01-23,1991-04-24,9999-01-01,Senior Engineer
149828,Oscal,Ernst,1965-01-30,1991-07-12,9999-01-01,Senior Engineer
150036,Heather,Luef,1965-01-27,1992-07-02,9999-01-01,Engineer
150157,Mizuhito,Kobara,1965-02-01,1996-11-06,9999-01-01,Senior Staff
150310,Kolar,Greenaway,1965-01-23,1987-11-21,9999-01-01,Senior Engineer
150463,Temple,Cyre,1965-01-02,1995-05-22,9999-01-01,Engineer
150895,Francesca,Chorvat,1965-01-06,1987-06-02,9999-01-01,Staff
151279,Jagoda,Anguita,1965-01-15,1993-01-27,9999-01-01,Staff
151317,Uri,Lampe,1965-01-29,1990-07-15,9999-01-01,Senior Staff
151592,Emran,Miara,1965-01-18,1999-09-16,9999-01-01,Senior Staff
151897,Bluma,Fetvedt,1965-01-11,1986-10-21,9999-01-01,Senior Engineer
151942,Wuxu,Poupard,1965-02-01,1996-10-01,9999-01-01,Staff
151977,Maya,Anandan,1965-01-20,1994-04-13,9999-01-01,Engineer
152044,Herb,Murrill,1965-01-09,1993-04-06,9999-01-01,Engineer
152106,Tomokazu,Pargas,1965-01-12,1994-12-26,9999-01-01,Engineer
152129,Richara,Sudkamp,1965-01-05,1989-07-08,9999-01-01,Engineer
152262,Hidde,Papsdorf,1965-01-21,1995-03-07,9999-01-01,Staff
152636,Frazer,Flanders,1965-01-18,1999-09-05,9999-01-01,Senior Engineer
152892,Paddy,Nittel,1965-01-04,2000-01-24,9999-01-01,Senior Staff
153043,Bowen,Deverell,1965-01-02,1996-04-05,9999-01-01,Engineer
153102,Kazunori,Perz,1965-02-01,1994-05-05,9999-01-01,Staff
153662,Marjo,Delgrange,1965-01-16,1985-09-06,9999-01-01,Staff
154333,Mokhtar,Rebaine,1965-01-10,1999-02-20,9999-01-01,Senior Engineer
154630,Masoud,Suwa,1965-01-22,1999-02-04,9999-01-01,Senior Engineer
154649,Boaz,Seuren,1965-01-31,1990-07-23,9999-01-01,Engineer
154736,Rosli,Butner,1965-01-25,1987-02-22,9999-01-01,Senior Engineer
154845,Shigenori,Hertweck,1965-01-15,1996-08-27,9999-01-01,Senior Staff
154898,Arunachalam,Oppitz,1965-01-04,1988-02-07,9999-01-01,Senior Staff
155189,Filipp,Winter,1965-01-23,1998-07-02,9999-01-01,Engineer
155421,Gift,Bottner,1965-01-31,1999-11-07,9999-01-01,Engineer
155689,Manohar,Kilgore,1965-01-18,1994-11-08,9999-01-01,Senior Engineer
156171,Zhongwei,Melski,1965-01-30,1990-04-14,9999-01-01,Senior Staff
156269,George,Casperson,1965-01-09,1998-09-19,9999-01-01,Engineer
156389,Alper,Tiemann,1965-01-06,1999-01-29,9999-01-01,Engineer
156789,Shuzo,Czaja,1965-01-04,1996-06-19,9999-01-01,Senior Engineer
156927,Shih,Shanbhogue,1965-01-27,1992-02-11,9999-01-01,Staff
157114,Seongbae,Schahn,1965-01-17,1996-07-06,9999-01-01,Staff
157147,Xiaobin,Narlikar,1965-01-23,1992-01-12,9999-01-01,Staff
157472,Tzu,Bakhtari,1965-01-28,1989-12-25,9999-01-01,Engineer
157900,Xiong,Anick,1965-01-02,1992-04-24,9999-01-01,Senior Engineer
158119,Valeska,Lupu,1965-01-31,1999-06-06,9999-01-01,Senior Staff
158281,Sajjan,Falby,1965-01-05,1989-10-07,9999-01-01,Senior Staff
158376,Jaana,Milicia,1965-02-01,1987-12-01,9999-01-01,Engineer
159350,Ute,Pokrovskii,1965-01-26,1992-01-18,9999-01-01,Staff
159458,Ayonca,Matzov,1965-01-16,1995-07-30,9999-01-01,Senior Staff
159476,Gopalakrishnan,Pehl,1965-01-06,1989-01-15,9999-01-01,Senior Staff
159529,Dmitry,Velardi,1965-01-07,1988-03-11,9999-01-01,Senior Staff
159824,Jolita,Neimat,1965-01-04,1985-10-31,9999-01-01,Technique Leader
159891,Steen,Gubsky,1965-01-15,1987-10-16,9999-01-01,Senior Staff
160477,Alexius,Plavsic,1965-01-14,1990-09-17,9999-01-01,Senior Staff
160773,Kish,Turnbull,1965-01-27,1993-09-15,9999-01-01,Staff
161258,Yucel,Bernini,1965-01-07,1997-03-09,9999-01-01,Engineer
161326,Pintsang,Impagliazzo,1965-01-30,1988-04-16,9999-01-01,Senior Engineer
161462,Shichao,Iwayama,1965-01-20,2001-01-31,9999-01-01,Senior Staff
161705,Moty,Sommen,1965-01-05,1986-04-11,9999-01-01,Senior Staff
161839,Mitsuyuki,Zockler,1965-01-01,1985-11-09,9999-01-01,Senior Engineer
162210,Chaosheng,Conta,1965-01-01,1995-03-15,9999-01-01,Engineer
162266,Zito,Alvarado,1965-01-15,1998-09-06,9999-01-01,Staff
162341,Gill,Niizuma,1965-01-07,1998-03-19,9999-01-01,Staff
162343,Keung,Simmel,1965-01-30,1988-07-29,9999-01-01,Staff
162417,Sanjeeva,Peron,1965-01-01,1991-05-23,9999-01-01,Engineer
162617,Sachem,McDermid,1965-01-12,1994-01-27,9999-01-01,Senior Staff
163863,Stafford,Terlouw,1965-01-28,1990-02-20,9999-01-01,Engineer
163918,Huiqun,Trystram,1965-01-04,1988-02-06,9999-01-01,Senior Staff
164069,Gunilla,Brendel,1965-01-16,1993-11-02,9999-01-01,Senior Engineer
164846,Tonny,Couchot,1965-01-24,1993-12-06,9999-01-01,Engineer
165491,Huan,Roccetti,1965-01-18,1995-05-18,9999-01-01,Senior Engineer
165682,Oldrich,Cyre,1965-01-20,1985-03-30,9999-01-01,Staff
166103,Duke,Picaronny,1965-01-20,1999-05-26,9999-01-01,Senior Engineer
166241,Halsur,Brodal,1965-01-01,1993-08-10,9999-01-01,Engineer
166862,Bezalel,Jording,1965-01-10,1998-06-29,9999-01-01,Senior Engineer
166906,Ioana,Jakobus,1965-01-03,1993-05-17,9999-01-01,Engineer
166913,Heather,Pehl,1965-01-03,1987-09-21,9999-01-01,Senior Engineer
167509,Shaowei,Nicolson,1965-01-01,1991-06-19,9999-01-01,Engineer
167649,Adhemar,Dalphin,1965-01-16,1989-06-11,9999-01-01,Senior Staff
167824,Sushant,Riefers,1965-01-26,1998-10-12,9999-01-01,Senior Staff
168149,Mariusz,Zolotykh,1965-01-17,1994-02-07,9999-01-01,Senior Staff
168388,Tayeb,Veevers,1965-01-17,1988-06-21,9999-01-01,Senior Engineer
168401,Jaber,Falco,1965-01-05,1985-06-27,9999-01-01,Senior Staff
168668,Przemyslawa,Esposito,1965-01-11,1986-06-20,9999-01-01,Senior Staff
169067,Xiaoqiang,Farrow,1965-01-12,1992-11-09,9999-01-01,Engineer
169262,Palash,Gammage,1965-01-27,1999-04-06,9999-01-01,Senior Engineer
169298,Xiahua,Gomatam,1965-01-22,1999-01-09,9999-01-01,Engineer
169636,Shuichi,Marrakchi,1965-01-27,1999-02-12,9999-01-01,Staff
169644,Conal,Magliocco,1965-01-21,1996-12-22,9999-01-01,Engineer
169743,Stepehn,Bouloucos,1965-01-24,1991-08-31,9999-01-01,Engineer
170108,Kwok,Journel,1965-01-16,1991-01-27,9999-01-01,Engineer
170274,Vugranam,Beausoleil,1965-01-22,1995-02-28,9999-01-01,Staff
170424,Hatem,Birsak,1965-01-30,1999-01-07,9999-01-01,Engineer
170433,Sasan,Brookner,1965-01-19,1987-09-12,9999-01-01,Engineer
170570,Fei,Rebaine,1965-01-29,1996-11-06,9999-01-01,Senior Staff
171209,Masako,Kornatzky,1965-01-30,1989-12-10,9999-01-01,Engineer
171656,Jianhua,Huttel,1965-01-08,1995-11-17,9999-01-01,Senior Staff
171687,Berni,Assaf,1965-01-11,1989-05-28,9999-01-01,Staff
172011,Gila,Ramsak,1965-01-21,1987-08-25,9999-01-01,Senior Staff
172015,Volkmar,Czaja,1965-01-16,1998-03-16,9999-01-01,Engineer
172233,Mrinalini,Holburn,1965-01-16,1987-01-17,9999-01-01,Engineer
172235,Chinho,Bottner,1965-01-22,1995-11-17,9999-01-01,Senior Staff
172353,Mayuko,Vural,1965-01-03,1986-07-04,9999-01-01,Technique Leader
172464,Lorien,Lagarias,1965-01-30,1998-08-12,9999-01-01,Senior Staff
172465,Subbu,Kaiserswerth,1965-01-07,1998-05-30,9999-01-01,Staff
172573,Jixiang,Loncour,1965-01-05,1993-10-20,9999-01-01,Staff
172661,Tamiya,Reutenauer,1965-01-04,1993-11-08,9999-01-01,Senior Engineer
172777,Pramod,Bierman,1965-01-04,1990-12-07,9999-01-01,Staff
172886,Kayoko,Attimonelli,1965-01-16,1997-10-05,9999-01-01,Senior Engineer
172953,Piyush,Gill,1965-01-01,1986-04-13,9999-01-01,Engineer
173037,Hideo,Buchter,1965-01-09,1994-05-03,9999-01-01,Technique Leader
173211,Danny,Lowrie,1965-01-22,1997-02-07,9999-01-01,Engineer
173350,Dinkar,Sinicrope,1965-01-19,1992-03-22,9999-01-01,Staff
173464,Atreye,Kabayashi,1965-01-09,1999-06-19,9999-01-01,Senior Staff
173670,Mingsen,Lally,1965-01-19,2002-07-02,9999-01-01,Senior Engineer
173674,Mechthild,Zongker,1965-01-17,1993-12-10,9999-01-01,Senior Staff
174026,Khalil,Mapelli,1965-01-16,1988-10-15,9999-01-01,Staff
174055,Zdislav,Solares,1965-01-15,1993-11-17,9999-01-01,Senior Staff
174347,Leandro,Swist,1965-01-03,1988-03-22,9999-01-01,Senior Engineer
174651,Noritoshi,Bakhtari,1965-01-13,1987-01-18,9999-01-01,Senior Staff
174740,Siddarth,Luke,1965-01-04,1992-12-14,9999-01-01,Senior Staff
175064,Navid,Staudhammer,1965-01-03,1985-09-08,9999-01-01,Assistant Engineer
175819,Miquel,Halloran,1965-01-15,1991-07-09,9999-01-01,Senior Staff
176231,Zsolt,Anily,1965-02-01,1998-12-07,9999-01-01,Senior Staff
176274,Sumant,Nishimukai,1965-01-15,1995-10-29,9999-01-01,Senior Staff
176335,Zvonko,Serdy,1965-01-23,1999-03-22,9999-01-01,Senior Engineer
176669,Anwar,Gubsky,1965-01-08,1999-06-07,9999-01-01,Senior Staff
176714,Parke,Serna,1965-01-24,1992-03-26,9999-01-01,Senior Engineer
176887,Mart,Plumb,1965-01-10,1988-01-18,9999-01-01,Staff
177006,Toshimi,Kragelund,1965-01-26,1997-04-24,9999-01-01,Senior Engineer
177084,Moie,Tempesti,1965-01-09,1986-03-19,9999-01-01,Engineer
177252,Susuma,Tagansky,1965-01-10,1993-03-08,9999-01-01,Senior Staff
177529,Mayuri,Flowers,1965-01-02,1990-05-18,9999-01-01,Senior Engineer
177692,Irena,Kaiserswerth,1965-01-05,1999-12-24,9999-01-01,Staff
177770,Wojceich,Honglei,1965-01-25,1990-05-01,9999-01-01,Senior Staff
178068,Narain,Mikschl,1965-01-28,1993-08-08,9999-01-01,Staff
178216,LiMin,Teitelbaum,1965-01-07,1993-03-05,9999-01-01,Senior Engineer
178915,Somnath,Uhrik,1965-01-04,1993-10-19,9999-01-01,Senior Staff
179211,Vitali,Dayang,1965-01-23,1997-07-05,9999-01-01,Senior Engineer
179593,Rimli,Walston,1965-01-28,1995-08-28,9999-01-01,Assistant Engineer
179753,Naftali,Kragelund,1965-01-12,1995-08-08,9999-01-01,Senior Engineer
180109,Ulises,Frolund,1965-01-11,1988-01-17,9999-01-01,Engineer
180741,Shunichi,Baer,1965-01-19,2001-05-06,9999-01-01,Staff
180817,Domenico,Wendorf,1965-02-01,1991-11-03,9999-01-01,Senior Engineer
180819,Dannz,Zhang,1965-02-01,1996-12-15,9999-01-01,Engineer
180846,Hatem,Bierbaum,1965-01-21,1998-11-02,9999-01-01,Senior Engineer
181131,Taisook,Kampfer,1965-01-10,1990-11-28,9999-01-01,Engineer
181244,Odoardo,Tyugu,1965-01-16,1988-10-06,9999-01-01,Engineer
182000,Yuchang,Busillo,1965-01-14,1988-11-20,9999-01-01,Senior Staff
182166,Tsutomu,Neiman,1965-01-13,1991-02-25,9999-01-01,Technique Leader
182310,Gully,Mitchem,1965-01-19,1991-05-19,9999-01-01,Senior Staff
182341,Surveyors,Muhling,1965-01-05,1985-12-24,9999-01-01,Senior Staff
182477,Mitsuyuki,Isard,1965-01-10,1992-11-10,9999-01-01,Senior Engineer
182624,Holgard,Hegner,1965-01-16,1987-02-16,9999-01-01,Staff
182885,Minghong,Candan,1965-02-01,1995-05-25,9999-01-01,Technique Leader
183311,Brigham,Asmuth,1965-01-26,1999-09-02,9999-01-01,Senior Engineer
183421,Wayne,Baba,1965-01-10,1997-12-06,9999-01-01,Senior Staff
183831,Hongzhu,Beetstra,1965-01-01,1987-03-22,9999-01-01,Senior Staff
183883,Gunilla,Matzen,1965-01-13,1999-12-19,9999-01-01,Senior Staff
184096,Mingsen,Weiland,1965-01-01,1994-02-11,9999-01-01,Engineer
184296,Prodip,Ritcey,1965-01-10,1985-05-08,9999-01-01,Staff
184394,Ranga,Waymire,1965-01-29,1990-03-01,9999-01-01,Staff
184838,Yefim,Pettey,1965-01-10,1991-06-05,9999-01-01,Senior Staff
185288,Vojin,Laventhal,1965-01-21,1994-09-29,9999-01-01,Staff
185520,Shen,Yamaashi,1965-01-13,1986-08-25,9999-01-01,Staff
186019,Uma,Prampolini,1965-01-29,1996-10-25,9999-01-01,Engineer
186052,Holgard,Stavenow,1965-01-04,1989-07-26,9999-01-01,Staff
186209,Mari,Swick,1965-01-10,1991-11-30,9999-01-01,Engineer
186214,Isaac,Klerer,1965-01-10,1989-10-25,9999-01-01,Technique Leader
186497,Hideyuki,Flanders,1965-01-27,1994-05-24,9999-01-01,Staff
186588,Gift,Solares,1965-01-01,1987-07-20,9999-01-01,Engineer
186893,Alois,Sanella,1965-01-19,1990-03-21,9999-01-01,Engineer
186947,Yongmin,Sidje,1965-01-18,1988-08-05,9999-01-01,Staff
187341,Vitali,Rothenberg,1965-01-03,1999-05-01,9999-01-01,Assistant Engineer
187387,Uzi,Kugler,1965-01-09,1986-02-03,9999-01-01,Senior Engineer
187854,Michaela,Fandrianto,1965-01-22,1991-12-07,9999-01-01,Staff
188411,Caolyn,Poujol,1965-01-15,1986-11-04,9999-01-01,Engineer
188477,Sudhanshu,Toyoshima,1965-01-07,1999-03-07,9999-01-01,Staff
188561,Munenori,Shobatake,1965-01-14,1992-05-11,9999-01-01,Senior Engineer
188574,Jaana,Werthner,1965-01-02,1998-06-11,9999-01-01,Senior Staff
188908,Hidefumi,Saoudi,1965-01-22,1998-08-23,9999-01-01,Staff
189305,Niranjan,Debuse,1965-01-09,1992-08-15,9999-01-01,Senior Staff
189409,Hugo,Comte,1965-01-24,1990-08-08,9999-01-01,Senior Engineer
189816,Chiranjit,Lyonns,1965-01-10,1987-06-07,9999-01-01,Staff
190054,Vasilii,Verhaegen,1965-01-07,1985-12-10,9999-01-01,Engineer
190095,Niteen,Ebeling,1965-01-24,1994-08-09,9999-01-01,Engineer
190316,Lenore,Badache,1965-01-26,1998-09-11,9999-01-01,Senior Staff
190436,Hironoby,Farrar,1965-01-18,1996-07-02,9999-01-01,Engineer
190445,Jahangir,Hofting,1965-01-31,1989-01-23,9999-01-01,Senior Staff
190550,Kish,Herbst,1965-01-13,1990-02-23,9999-01-01,Senior Engineer
190673,Heeju,Lorys,1965-01-04,1998-05-25,9999-01-01,Senior Staff
190861,Ipke,Farrar,1965-01-16,1991-04-15,9999-01-01,Engineer
191205,Phillip,Fontet,1965-01-11,1994-06-05,9999-01-01,Staff
191595,Zijian,Covnot,1965-01-08,1999-12-23,9999-01-01,Staff
191717,Khosrow,Sommen,1965-01-06,1997-03-29,9999-01-01,Staff
191859,Fumitake,Marchegay,1965-01-16,1985-11-30,9999-01-01,Senior Staff
191873,Parke,Staylopatis,1965-01-29,1987-04-05,9999-01-01,Senior Staff
191884,Masanao,Papastamatiou,1965-01-17,1991-08-12,9999-01-01,Senior Engineer
192025,Hideo,Ratnakar,1965-01-06,1994-07-19,9999-01-01,Senior Engineer
192216,Alper,Shinomoto,1965-01-16,1998-01-16,9999-01-01,Engineer
192358,Nahla,Serdy,1965-01-25,1990-09-07,9999-01-01,Senior Engineer
192368,Xinglin,Haldar,1965-01-13,1989-11-07,9999-01-01,Senior Staff
192572,Nahum,Codenie,1965-01-18,1990-08-14,9999-01-01,Senior Staff
192724,Candida,Felcyn,1965-01-28,1986-12-18,9999-01-01,Senior Engineer
193066,Nathalie,Foote,1965-01-04,1995-07-26,9999-01-01,Engineer
193163,Cullen,Mikschl,1965-01-19,1985-04-22,9999-01-01,Staff
193193,Sanjai,Kopetz,1965-01-15,1995-08-21,9999-01-01,Senior Staff
194070,Fun,Seiwald,1965-02-01,1998-01-07,9999-01-01,Engineer
194325,Ishfaq,Mahmud,1965-01-22,2001-10-24,9999-01-01,Staff
194456,Pintsang,Fujisawa,1965-01-25,1997-02-04,9999-01-01,Senior Engineer
194586,Duri,Beznosov,1965-01-03,1997-04-08,9999-01-01,Senior Staff
194712,Oksana,Redmiles,1965-01-15,1986-03-04,9999-01-01,Senior Engineer
194742,Gal,Ranta,1965-01-11,2002-05-20,9999-01-01,Engineer
194881,Moto,Kobara,1965-01-05,1995-09-21,9999-01-01,Engineer
195174,Nahum,Schahn,1965-01-20,1990-05-19,9999-01-01,Senior Engineer
195189,Xiaocheng,Kumaresan,1965-01-02,1989-04-20,9999-01-01,Staff
195343,Theron,Ravishankar,1965-01-09,1986-06-07,9999-01-01,Engineer
195421,Lena,Kohling,1965-01-27,1987-11-14,9999-01-01,Engineer
195931,Arnould,Buescher,1965-01-02,1998-11-07,9999-01-01,Senior Engineer
196051,Utpal,Zaumen,1965-01-21,1994-11-01,9999-01-01,Senior Engineer
196054,Jaques,Nanard,1965-01-28,1991-02-15,9999-01-01,Staff
196598,Nahum,Nishimukai,1965-01-27,1989-07-21,9999-01-01,Staff
196804,Sigeru,Versino,1965-01-24,1999-02-05,9999-01-01,Staff
197011,Woody,Trelles,1965-01-01,1987-04-07,9999-01-01,Engineer
197352,Youjian,Felder,1965-01-13,1996-09-30,9999-01-01,Staff
197359,Elliott,Speer,1965-01-05,1991-11-30,9999-01-01,Staff
197507,Shigeaki,Gihr,1965-01-01,1987-07-06,9999-01-01,Staff
197608,Jovan,Hockney,1965-01-18,1990-02-15,9999-01-01,Senior Engineer
197738,Aamod,Ranka,1965-01-23,1990-04-27,9999-01-01,Staff
198008,Randi,Munos,1965-01-23,1987-07-27,9999-01-01,Staff
198053,Kauko,Narwekar,1965-01-22,1992-01-31,9999-01-01,Senior Staff
198159,IEEE,VanScheik,1965-01-11,2001-12-05,9999-01-01,Engineer
198167,Shay,Heystek,1965-01-25,1992-12-05,9999-01-01,Engineer
198191,Masoud,Asmuth,1965-01-11,1988-08-22,9999-01-01,Technique Leader
198585,Yifei,Birjandi,1965-01-16,1997-02-10,9999-01-01,Engineer
198588,Cristinel,Gerlach,1965-01-02,1995-11-14,9999-01-01,Staff
198690,Horward,Khasidashvili,1965-01-31,1999-03-20,9999-01-01,Engineer
198873,Vivian,Hennebert,1965-01-31,1992-02-13,9999-01-01,Engineer
199147,Nikolaus,Akaboshi,1965-01-21,2000-08-07,9999-01-01,Engineer
199479,Bowen,Narwekar,1965-01-20,1990-08-03,9999-01-01,Engineer
199712,Fai,Maccarone,1965-01-31,1999-06-26,9999-01-01,Engineer
200034,Zijian,Rindone,1965-01-22,1994-04-02,9999-01-01,Senior Engineer
200035,Fox,Lodder,1965-01-11,1998-06-12,9999-01-01,Staff
200100,Boalin,Byoun,1965-01-15,1993-03-08,9999-01-01,Engineer
200309,Kwangjo,Menhardt,1965-01-08,1997-04-15,9999-01-01,Senior Engineer
200466,Gregory,Collavizza,1965-01-25,1994-08-14,9999-01-01,Engineer
200492,Shaowen,Poulakidas,1965-01-29,1991-07-06,9999-01-01,Senior Engineer
200503,Tsvetan,Sherertz,1965-01-03,1987-07-27,9999-01-01,Staff
200794,Lalit,Blokdijk,1965-01-26,1986-10-24,9999-01-01,Engineer
201374,Constantijn,Rusterholz,1965-01-19,1988-08-05,9999-01-01,Engineer
201377,Danai,Trelles,1965-01-07,1990-07-09,9999-01-01,Engineer
201393,Gita,Rodier,1965-01-03,1989-12-26,9999-01-01,Engineer
201694,Faiza,Bach,1965-01-04,1993-02-03,9999-01-01,Engineer
201780,Ebru,Doering,1965-01-29,1989-03-21,9999-01-01,Senior Engineer
201844,Uriel,Georg,1965-01-13,1995-12-11,9999-01-01,Assistant Engineer
202235,Masaru,Huhdanpaa,1965-01-17,1996-01-27,9999-01-01,Staff
202399,Shridhar,Chvatal,1965-01-15,1999-02-16,9999-01-01,Senior Staff
202429,Hongzue,Zultner,1965-01-28,2001-02-28,9999-01-01,Senior Engineer
202529,Georgi,Bednarek,1965-01-27,1994-07-15,9999-01-01,Engineer
202540,Bernd,Thummel,1965-01-04,1991-07-05,9999-01-01,Staff
202853,Ziya,Tokunaga,1965-01-10,2000-01-13,9999-01-01,Engineer
202926,Shuky,Journel,1965-01-02,1998-12-19,9999-01-01,Senior Staff
203105,Hideyuki,Slaats,1965-01-12,1997-06-01,9999-01-01,Senior Staff
203179,Syozo,Maliniak,1965-01-21,1993-09-28,9999-01-01,Staff
203305,Moti,Steenbeek,1965-01-24,1989-10-22,9999-01-01,Engineer
203354,Fumiya,Griswold,1965-01-15,1992-08-19,9999-01-01,Engineer
203771,Sanjay,Litecky,1965-01-25,2000-08-14,9999-01-01,Engineer
203777,Jungsoon,Bail,1965-01-04,1991-10-26,9999-01-01,Staff
204169,Takanari,Ermel,1965-01-09,1991-03-10,9999-01-01,Senior Staff
204266,Marl,Fiebach,1965-01-12,1992-08-21,9999-01-01,Engineer
204552,Ashish,Candan,1965-01-04,1994-09-04,9999-01-01,Staff
204677,Hironobu,Brodie,1965-01-27,1999-04-29,9999-01-01,Senior Engineer
204816,Vesna,Lammel,1965-01-28,1995-11-30,9999-01-01,Senior Staff
205261,Kauko,Fujisawa,1965-01-24,1989-08-01,9999-01-01,Senior Engineer
205279,Xuejun,Pfau,1965-01-15,1998-02-28,9999-01-01,Senior Staff
205280,Jacopo,Bellone,1965-01-04,1995-11-04,9999-01-01,Staff
205287,Moon,Pews,1965-01-22,1990-03-15,9999-01-01,Senior Staff
205293,Eben,Calkin,1965-01-28,1988-04-07,9999-01-01,Technique Leader
205303,Val,Barvinok,1965-01-04,1986-11-05,9999-01-01,Engineer
205436,Chiranjit,Serot,1965-01-18,1985-08-02,9999-01-01,Technique Leader
205501,Shawna,Chiodo,1965-01-19,1996-09-23,9999-01-01,Senior Staff
205882,Kankanahalli,Ciolek,1965-01-17,1994-01-11,9999-01-01,Senior Engineer
206087,Shaz,Driscoll,1965-01-29,1987-08-22,9999-01-01,Senior Engineer
206635,Pranav,Berztiss,1965-01-25,1999-01-12,9999-01-01,Staff
206646,Bokyung,Plump,1965-01-02,1990-12-16,9999-01-01,Senior Engineer
206712,Palash,Spieker,1965-01-02,1990-10-23,9999-01-01,Staff
206743,Kamakshi,Bahl,1965-01-30,2000-09-07,9999-01-01,Senior Engineer
206987,Wilmer,Luke,1965-01-28,1993-06-13,9999-01-01,Senior Staff
207268,Tesuya,Mansanne,1965-01-13,1988-10-11,9999-01-01,Staff
207499,Irena,Terkki,1965-01-13,1992-03-27,9999-01-01,Staff
207829,Vasilis,Ginneken,1965-01-16,1995-12-15,9999-01-01,Staff
208364,King,Benzmuller,1965-01-11,1998-03-04,9999-01-01,Engineer
208504,Kamakshi,Badache,1965-01-24,1996-11-19,9999-01-01,Engineer
209605,Luisa,Itzfeldt,1965-01-21,1998-12-04,9999-01-01,Senior Staff
209762,Patricio,Itzfeldt,1965-02-01,1997-05-29,9999-01-01,Senior Staff
210071,Hilari,Christ,1965-01-12,1988-05-20,9999-01-01,Assistant Engineer
210369,Yishai,Sessa,1965-01-04,1989-08-04,9999-01-01,Senior Engineer
210383,Angus,Jullig,1965-01-31,1988-09-04,9999-01-01,Technique Leader
210708,Kamakshi,Manders,1965-01-28,1992-07-17,9999-01-01,Staff
210805,Poornachandra,Asser,1965-01-09,1991-09-15,9999-01-01,Staff
210821,Bodo,Halevi,1965-01-10,1996-01-07,9999-01-01,Staff
211179,Danae,Kragelund,1965-01-27,1999-08-24,9999-01-01,Engineer
211303,Oguz,Schurmann,1965-01-16,1986-04-13,9999-01-01,Senior Staff
211445,Florian,Uhrig,1965-01-06,1991-07-10,9999-01-01,Senior Staff
211599,Yannik,Falco,1965-01-13,1996-10-16,9999-01-01,Senior Staff
212127,Kersti,Granlund,1965-01-21,1994-01-24,9999-01-01,Engineer
212689,Subhada,Janetzko,1965-01-04,1989-01-29,9999-01-01,Senior Engineer
212852,Weidon,Pollacia,1965-01-28,1991-01-27,9999-01-01,Senior Staff
213262,Muneo,Gunderson,1965-01-01,1992-08-08,9999-01-01,Engineer
213480,Marko,Velardi,1965-01-25,1995-01-23,9999-01-01,Senior Staff
213646,Deborah,Kaminger,1965-01-07,1989-09-13,9999-01-01,Technique Leader
213979,Jeanna,Bratten,1965-01-10,1991-04-08,9999-01-01,Engineer
214043,Valery,Babb,1965-01-11,1989-06-07,9999-01-01,Senior Staff
214261,Zengping,Kakkar,1965-01-12,1991-09-03,9999-01-01,Staff
214487,Anestis,Setlzner,1965-01-09,1996-06-13,9999-01-01,Technique Leader
214598,Eberhardt,Spelt,1965-01-31,1994-11-08,9999-01-01,Senior Engineer
214813,Basem,Beausoleil,1965-01-16,2001-03-26,9999-01-01,Engineer
215040,Morris,Fargier,1965-01-02,1987-02-06,9999-01-01,Engineer
215088,Yechezkel,Yurov,1965-01-26,1995-01-22,9999-01-01,Staff
215397,Masami,Merro,1965-01-24,1999-08-15,9999-01-01,Senior Staff
216264,Marek,Tomescu,1965-01-09,1999-08-11,9999-01-01,Senior Engineer
216274,Naraig,Snyers,1965-01-23,1993-08-13,9999-01-01,Senior Staff
216589,Parviz,Picco,1965-01-25,1995-07-11,9999-01-01,Senior Staff
216739,Malu,Ossenbruggen,1965-02-01,1998-01-31,9999-01-01,Staff
216872,Alexius,Crouzet,1965-01-24,1995-09-21,9999-01-01,Staff
217547,Tommaso,Raczkowsky,1965-01-25,1987-11-17,9999-01-01,Engineer
217862,Fei,Erez,1965-02-01,1993-03-30,9999-01-01,Senior Engineer
218188,Irene,Sethi,1965-01-21,1994-03-22,9999-01-01,Engineer
218442,Tsz,Daescu,1965-01-19,1988-10-01,9999-01-01,Senior Staff
218460,Bikash,Vilarrasa,1965-01-18,1997-09-15,9999-01-01,Staff
218462,Uno,Solares,1965-01-29,1992-07-07,9999-01-01,Senior Staff
218978,Jolita,Claffy,1965-01-26,1999-10-08,9999-01-01,Senior Staff
219416,Willard,Verspoor,1965-01-06,1997-03-09,9999-01-01,Engineer
219823,Dekang,Tsunoo,1965-01-15,1994-08-16,9999-01-01,Staff
219830,Frazer,Candan,1965-01-15,1994-03-06,9999-01-01,Senior Engineer
219923,Divier,Ishibashi,1965-02-01,1985-12-09,9999-01-01,Staff
220458,Kazuhisa,Riesenhuber,1965-01-19,1991-04-07,9999-01-01,Staff
220617,Tonia,Shigei,1965-01-01,1997-06-22,9999-01-01,Senior Engineer
220728,Kitty,Halloran,1965-01-14,1987-04-01,9999-01-01,Staff
220829,Ronnie,Denos,1965-01-17,1993-02-14,9999-01-01,Senior Engineer
220906,Koichi,Grabner,1965-01-06,1997-09-04,9999-01-01,Senior Staff
221107,Martine,Cangellaris,1965-01-08,1999-11-01,9999-01-01,Staff
221168,Goncalo,Barbanera,1965-01-08,1997-07-27,9999-01-01,Senior Staff
221752,Weiwu,Lamma,1965-01-09,1996-06-28,9999-01-01,Senior Staff
221931,Anneli,Pappas,1965-02-01,1998-02-15,9999-01-01,Engineer
222429,Mitsuyuki,Jeansoulin,1965-01-15,1991-07-07,9999-01-01,Senior Engineer
222782,Leen,Peak,1965-01-03,1990-02-14,9999-01-01,Senior Engineer
223123,Hsiangchu,Taubenfeld,1965-01-26,2002-07-16,9999-01-01,Engineer
223230,Mototsugu,Prampolini,1965-01-09,1997-12-31,9999-01-01,Engineer
223579,Elvia,Schwartzburd,1965-01-20,1991-05-27,9999-01-01,Engineer
223691,Remco,Duclos,1965-01-05,1997-12-15,9999-01-01,Staff
223857,Marco,Jahnichen,1965-01-24,1999-12-17,9999-01-01,Staff
224486,Somnath,Bierbaum,1965-01-22,1988-05-15,9999-01-01,Senior Staff
224568,Bernd,Anick,1965-01-03,1986-03-08,9999-01-01,Staff
224576,Elliott,Copas,1965-01-22,1997-04-11,9999-01-01,Engineer
224687,Ipke,Schneeberger,1965-01-21,1997-11-13,9999-01-01,Staff
224739,Chinho,Delgrande,1965-01-06,1998-04-17,9999-01-01,Senior Staff
224833,Aris,Sambasivam,1965-01-05,1988-06-12,9999-01-01,Senior Engineer
224839,Dayanand,Wielonsky,1965-01-28,1999-04-16,9999-01-01,Technique Leader
224922,Juyoung,Willoner,1965-01-17,1989-05-02,9999-01-01,Engineer
224947,Prasadram,Piazza,1965-01-20,1986-10-15,9999-01-01,Senior Staff
225259,Ewing,Baak,1965-01-28,1991-01-02,9999-01-01,Staff
225363,Shigeo,Emmart,1965-01-22,1994-11-27,9999-01-01,Senior Engineer
225388,Conal,Shackell,1965-01-19,1998-08-17,9999-01-01,Engineer
225588,Mrinalini,Bierbaum,1965-01-21,1990-03-19,9999-01-01,Engineer
226099,Alain,Lieberherr,1965-01-08,1985-12-31,9999-01-01,Senior Engineer
226445,Adamantios,Heemskerk,1965-01-22,1994-09-02,9999-01-01,Senior Staff
226480,Laurentiu,Morton,1965-01-22,1998-11-16,9999-01-01,Engineer
226517,Kannan,Meriste,1965-01-15,1994-09-23,9999-01-01,Staff
226685,Nathalie,Luke,1965-01-28,1999-05-06,9999-01-01,Senior Staff
226745,Tokuyasu,Xiaoshan,1965-01-14,2000-02-10,9999-01-01,Engineer
226902,Gio,Orsini,1965-01-02,1989-02-21,9999-01-01,Senior Engineer
226917,Shooichi,Vandervoorde,1965-01-03,1988-06-17,9999-01-01,Staff
228272,Oscar,Oppitz,1965-01-08,1989-08-02,9999-01-01,Senior Engineer
228334,Danel,Petereit,1965-01-24,1991-08-02,9999-01-01,Assistant Engineer
228405,Kazuhiko,Gornas,1965-01-02,1987-11-23,9999-01-01,Technique Leader
228591,Kazuhide,Snedden,1965-01-27,1988-03-08,9999-01-01,Senior Staff
228631,Michaela,Otillio,1965-01-11,1991-02-01,9999-01-01,Senior Staff
228714,Gino,Uehara,1965-01-07,1986-03-25,9999-01-01,Assistant Engineer
228742,Arunachalam,Magliocco,1965-01-20,1998-01-31,9999-01-01,Staff
228885,Ymte,Dalton,1965-02-01,1995-12-31,9999-01-01,Senior Staff
229124,Heon,Broomell,1965-01-15,1986-07-10,9999-01-01,Assistant Engineer
229413,Nikolaos,Bamford,1965-01-22,1994-11-09,9999-01-01,Senior Engineer
229978,Ung,Orlowski,1965-01-29,1991-03-08,9999-01-01,Senior Staff
230111,Susuma,Kitsuregawa,1965-01-27,1997-06-14,9999-01-01,Engineer
230501,Mariangiola,Bolsens,1965-01-28,1986-03-07,9999-01-01,Senior Engineer
230582,Mabhin,Eastman,1965-01-06,1997-05-03,9999-01-01,Senior Engineer
230624,Hidde,Riexinger,1965-01-02,1999-02-26,9999-01-01,Senior Staff
230719,Frazer,Barbanera,1965-01-19,1992-08-10,9999-01-01,Senior Engineer
230784,Raimond,Solovay,1965-01-04,1999-08-03,9999-01-01,Engineer
230902,Khosrow,Erez,1965-01-29,1987-09-23,9999-01-01,Engineer
230946,Niranjan,Lamba,1965-01-30,1998-08-23,9999-01-01,Senior Staff
231058,Garnik,Randt,1965-01-14,1985-02-25,9999-01-01,Engineer
231064,Aemilian,Zedlitz,1965-01-28,1997-04-08,9999-01-01,Engineer
231099,Zhaofang,Falster,1965-01-07,1996-07-06,9999-01-01,Senior Staff
231337,Mariangiola,Bashian,1965-01-13,1991-11-05,9999-01-01,Assistant Engineer
231409,Renny,Bednarek,1965-01-02,1996-10-11,9999-01-01,Senior Engineer
231780,Shichao,Thiria,1965-01-03,1990-10-21,9999-01-01,Staff
232171,Kenton,Miara,1965-01-08,1995-04-28,9999-01-01,Staff
232288,Abdulah,Remmele,1965-01-06,1991-07-19,9999-01-01,Engineer
232475,Junichi,Rubsam,1965-01-04,1990-02-10,9999-01-01,Senior Staff
233063,Takushi,Strehl,1965-01-20,2002-05-06,9999-01-01,Staff
233658,Mariusz,Tokunaga,1965-01-30,1997-09-07,9999-01-01,Staff
234018,Seshu,Kolvik,1965-01-01,1996-08-09,9999-01-01,Staff
234594,Danco,Luff,1965-01-14,1987-06-24,9999-01-01,Senior Engineer
234609,Kagan,Dredge,1965-02-01,1991-01-07,9999-01-01,Engineer
234739,Nathan,Vendrig,1965-01-10,1995-08-03,9999-01-01,Technique Leader
234822,Theron,Itschner,1965-01-19,1990-05-12,9999-01-01,Senior Staff
234830,Jacqueline,Zallocco,1965-01-24,1986-02-07,9999-01-01,Senior Engineer
234870,Salvador,Peres,1965-01-01,1991-09-21,9999-01-01,Engineer
234955,Xuejun,Reeker,1965-01-19,1990-11-03,9999-01-01,Staff
235009,Vasilis,Waleschkowski,1965-01-11,1992-09-14,9999-01-01,Engineer
235462,Moni,Staudhammer,1965-01-03,1989-01-23,9999-01-01,Staff
235565,Paddy,Zumaque,1965-01-03,1991-02-11,9999-01-01,Engineer
235782,Yongdong,Jiang,1965-01-18,1997-05-07,9999-01-01,Senior Staff
235805,Paris,Range,1965-01-15,1988-12-24,9999-01-01,Staff
235900,Jahangir,Kroft,1965-01-19,1988-07-10,9999-01-01,Staff
236253,Supot,Badache,1965-01-17,1993-08-06,9999-01-01,Engineer
236260,Danco,Rajala,1965-01-31,1994-07-24,9999-01-01,Senior Staff
236636,Serap,Bahi,1965-01-29,1988-09-07,9999-01-01,Engineer
236731,Karsten,Kawashima,1965-01-07,1989-02-25,9999-01-01,Staff
236820,Huican,Lunn,1965-01-07,2001-08-14,9999-01-01,Engineer
236844,Sandeepan,Kulisch,1965-01-13,1987-09-09,9999-01-01,Senior Staff
236849,Gopalakrishnan,Mawatari,1965-01-25,1994-11-20,9999-01-01,Senior Staff
236983,Weijing,Viele,1965-01-19,1996-12-27,9999-01-01,Senior Staff
237357,Feiyu,Hemaspaandra,1965-01-20,1999-03-14,9999-01-01,Staff
237596,Torsten,Ranta,1965-01-20,1989-04-24,9999-01-01,Staff
237801,Jaques,Navazio,1965-01-25,1988-10-09,9999-01-01,Assistant Engineer
237830,Haldun,Compeau,1965-01-21,1985-06-11,9999-01-01,Senior Engineer
237848,Jaques,Gecsei,1965-01-18,1997-05-29,9999-01-01,Staff
237877,Adil,Kieras,1965-01-02,1995-11-18,9999-01-01,Senior Engineer
238107,Ronghao,Alpin,1965-01-09,2001-08-21,9999-01-01,Senior Engineer
238185,Jamaludin,Kalorkoti,1965-01-12,1999-11-16,9999-01-01,Staff
238220,Hatsukazu,Rosca,1965-01-11,1991-08-05,9999-01-01,Engineer
238244,Ghassan,Androutsos,1965-01-21,1989-11-30,9999-01-01,Engineer
238260,Chenyi,Demian,1965-01-17,1988-07-18,9999-01-01,Senior Engineer
238319,Nimmagadda,Kusakari,1965-01-13,1997-07-15,9999-01-01,Senior Engineer
238942,Theron,Billawala,1965-01-23,1988-12-10,9999-01-01,Staff
239112,Hugh,Senzako,1965-01-27,1990-02-02,9999-01-01,Senior Engineer
239263,Mona,Luck,1965-01-29,1991-03-24,9999-01-01,Senior Engineer
239274,Alassane,Wolniewicz,1965-01-28,1989-06-29,9999-01-01,Senior Staff
239341,Seshu,Hiraishi,1965-01-08,1988-03-25,9999-01-01,Technique Leader
239444,Adas,Chinen,1965-01-13,1993-08-22,9999-01-01,Senior Staff
239506,Subhada,Emmerich,1965-01-09,1993-09-30,9999-01-01,Engineer
239545,Yongqiao,Francisci,1965-01-06,1994-08-24,9999-01-01,Senior Engineer
239578,Tadanori,Fujisawa,1965-01-12,1997-08-29,9999-01-01,Senior Engineer
239594,Fumiya,Chappelet,1965-01-03,1995-02-17,9999-01-01,Senior Staff
240079,Erzsebet,Setiz,1965-01-22,1999-02-26,9999-01-01,Engineer
240583,Xiong,Roisin,1965-01-07,1985-11-18,9999-01-01,Senior Staff
240618,Janalee,Lanzelotte,1965-01-19,1989-02-16,9999-01-01,Senior Engineer
240656,Kersti,Marsiglia,1965-01-17,1989-07-04,9999-01-01,Assistant Engineer
240916,Khalil,Gien,1965-01-06,1998-03-21,9999-01-01,Engineer
241006,Amabile,Koyama,1965-01-24,1993-06-24,9999-01-01,Engineer
241378,Bedir,Reeken,1965-01-22,1991-06-30,9999-01-01,Engineer
241601,Masamitsu,Back,1965-01-06,1992-03-28,9999-01-01,Senior Engineer
241682,Visit,Thiran,1965-01-31,1988-09-24,9999-01-01,Staff
241907,Hideo,Varman,1965-01-21,1992-12-02,9999-01-01,Engineer
241912,Poorav,Ranst,1965-01-05,1999-01-30,9999-01-01,Engineer
242056,Adamantios,Matzat,1965-01-11,1987-08-07,9999-01-01,Staff
242114,Irena,Gulla,1965-01-17,1987-01-18,9999-01-01,Engineer
242146,Alair,Straney,1965-01-06,1990-02-12,9999-01-01,Staff
242282,Kwangjo,Hiltgen,1965-01-20,1995-02-20,9999-01-01,Engineer
242424,Nitsan,Nollmann,1965-01-19,1995-04-03,9999-01-01,Engineer
242690,Flemming,Driscoll,1965-01-02,1994-03-08,9999-01-01,Technique Leader
242812,Toshiko,Ibel,1965-01-16,1993-04-22,9999-01-01,Engineer
242915,Nalini,Perly,1965-01-24,1999-10-28,9999-01-01,Staff
242981,Qunsheng,Birrer,1965-01-25,2001-08-30,9999-01-01,Senior Engineer
243084,Bojan,Montresor,1965-01-02,2001-04-18,9999-01-01,Senior Engineer
243285,Make,Olivero,1965-02-01,1990-02-06,9999-01-01,Engineer
243463,Keiichiro,Miyakawa,1965-01-06,1989-05-19,9999-01-01,Technique Leader
243665,Monique,Baer,1965-01-12,1996-05-24,9999-01-01,Senior Staff
244409,Greger,Babb,1965-01-28,2000-01-12,9999-01-01,Senior Staff
244870,Takushi,Skogmar,1965-01-11,1994-07-18,9999-01-01,Senior Staff
244961,Sahrah,Rosis,1965-01-15,1986-06-04,9999-01-01,Senior Engineer
245085,Moie,Lieblein,1965-01-16,1985-09-19,9999-01-01,Engineer
245251,Yinghua,Panwar,1965-01-12,1991-03-11,9999-01-01,Senior Engineer
245330,Berthier,Pramanik,1965-01-21,1999-06-09,9999-01-01,Assistant Engineer
245382,Jaques,Standera,1965-01-29,1986-09-14,9999-01-01,Senior Staff
245799,Olivera,Bharadwaj,1965-01-09,1987-05-20,9999-01-01,Engineer
245816,Hercules,Speer,1965-01-07,1999-11-29,9999-01-01,Engineer
246822,Ohad,Henders,1965-01-24,1987-04-25,9999-01-01,Engineer
246852,Wojceich,Limongiello,1965-01-30,2002-07-20,9999-01-01,Senior Engineer
247301,Dines,DeMori,1965-01-17,1997-02-03,9999-01-01,Senior Staff
247749,Erez,Luft,1965-01-17,1994-10-22,9999-01-01,Senior Staff
247895,Kerhong,Lorho,1965-01-07,1990-11-25,9999-01-01,Senior Staff
248063,Lena,Giaccio,1965-01-01,1988-04-15,9999-01-01,Senior Engineer
248289,Rasikan,Barreiro,1965-01-19,1988-02-17,9999-01-01,Engineer
248748,Charlene,Verspoor,1965-01-12,1988-04-13,9999-01-01,Engineer
249930,Kousuke,Levasseur,1965-01-03,1986-12-13,9999-01-01,Staff
250350,Douadi,Sullins,1965-01-10,1985-12-11,9999-01-01,Senior Engineer
250475,Tzvetan,Scharstein,1965-01-16,1998-07-21,9999-01-01,Staff
250895,Filipp,Hasham,1965-01-01,1998-08-30,9999-01-01,Engineer
250962,Fabrizio,Usery,1965-01-18,1998-06-11,9999-01-01,Senior Engineer
251022,Manton,Schapiro,1965-01-01,1994-10-07,9999-01-01,Senior Staff
251561,Chinho,Collette,1965-01-10,1993-01-16,9999-01-01,Senior Engineer
251676,Aimee,Billawala,1965-01-07,1988-02-18,9999-01-01,Staff
251979,Leszek,Marchegay,1965-01-03,1986-06-02,9999-01-01,Senior Engineer
251990,Claudi,Heijenga,1965-01-12,1991-02-06,9999-01-01,Senior Staff
252121,Martijn,DiGiano,1965-01-15,1999-04-18,9999-01-01,Senior Staff
252337,Zengping,Cusworth,1965-01-05,1998-05-25,9999-01-01,Senior Engineer
252515,Navid,Luke,1965-01-08,1985-08-14,9999-01-01,Engineer
252725,Siddarth,Masada,1965-01-06,1990-03-21,9999-01-01,Engineer
252729,Terresa,Milicia,1965-01-07,1986-05-15,9999-01-01,Staff
252923,Aksel,Gire,1965-01-07,1994-01-26,9999-01-01,Senior Staff
253133,Christfried,Atrawala,1965-01-14,1987-01-29,9999-01-01,Senior Engineer
253364,Shir,Krone,1965-01-04,1998-04-08,9999-01-01,Staff
253510,Marke,Klerer,1965-01-23,1993-07-18,9999-01-01,Senior Staff
253866,Shaw,Kading,1965-01-08,2001-12-17,9999-01-01,Engineer
253898,Vatsa,Ramsay,1965-01-20,1986-05-12,9999-01-01,Senior Staff
254095,Heping,Skrikant,1965-01-15,1997-07-22,9999-01-01,Technique Leader
254124,Kousuke,Worfolk,1965-01-28,1991-04-04,9999-01-01,Engineer
254233,Irena,Cesareni,1965-01-27,1999-06-23,9999-01-01,Staff
254253,Xinglin,Busillo,1965-01-23,1992-11-17,9999-01-01,Senior Engineer
254490,Prasadram,Bultermann,1965-01-13,1987-04-07,9999-01-01,Senior Staff
254512,Udi,Rullman,1965-01-03,1994-09-15,9999-01-01,Staff
254668,Berna,Schonegge,1965-01-18,1994-11-23,9999-01-01,Engineer
255092,Eldridge,Kawashima,1965-01-28,1991-02-03,9999-01-01,Assistant Engineer
255177,Heping,Peac,1965-01-09,1986-10-16,9999-01-01,Staff
255251,Oscar,Baumann,1965-01-01,1992-04-29,9999-01-01,Senior Engineer
255595,Van,Nations,1965-01-25,1993-10-18,9999-01-01,Senior Engineer
255748,Gaurav,Roison,1965-01-31,1997-10-12,9999-01-01,Engineer
255966,Masako,Dechter,1965-01-11,1999-09-01,9999-01-01,Staff
256146,Fay,Cochrane,1965-01-11,1996-02-09,9999-01-01,Staff
256331,Hercules,Kabayashi,1965-01-22,1988-09-12,9999-01-01,Senior Engineer
256449,DAIDA,Nooteboom,1965-01-16,1985-06-29,9999-01-01,Senior Engineer
256810,Yuping,Papastamatiou,1965-01-30,1992-11-21,9999-01-01,Senior Staff
256922,Takahiro,Dalton,1965-01-22,1995-10-25,9999-01-01,Senior Staff
256984,Aram,Passino,1965-01-29,1988-02-28,9999-01-01,Senior Staff
257160,Gennady,Rouquie,1965-01-31,1994-01-30,9999-01-01,Engineer
257216,Dmitri,Rousseau,1965-01-17,1995-02-22,9999-01-01,Senior Staff
257257,Aleksander,Schaaf,1965-01-22,1993-07-09,9999-01-01,Assistant Engineer
257315,Maria,Miculan,1965-01-08,1997-11-01,9999-01-01,Senior Engineer
257401,Kirk,Zongker,1965-01-07,1986-05-09,9999-01-01,Staff
257569,Stabislas,Kakkad,1965-01-22,1990-09-08,9999-01-01,Senior Staff
257638,Paris,Restivo,1965-01-15,1998-08-05,9999-01-01,Senior Engineer
257902,Make,Heuser,1965-01-13,1993-02-15,9999-01-01,Staff
257991,Kamakshi,Hebert,1965-01-05,1987-09-18,9999-01-01,Senior Staff
258024,Shiv,Vilarrasa,1965-01-05,1989-10-30,9999-01-01,Senior Engineer
258794,Mong,Dichev,1965-01-18,1999-07-26,9999-01-01,Senior Staff
258943,Chiradeep,Arlazarov,1965-01-23,1990-11-15,9999-01-01,Staff
259214,Jahangir,Bernatsky,1965-01-30,1987-12-06,9999-01-01,Senior Staff
260009,Hinrich,Perin,1965-02-01,1987-09-30,9999-01-01,Senior Engineer
260209,Selwyn,Henseler,1965-01-11,1987-04-01,9999-01-01,Engineer
260280,Udo,Waymire,1965-01-31,1998-06-02,9999-01-01,Senior Engineer
260446,Selwyn,Munoz,1965-01-25,1998-07-01,9999-01-01,Engineer
260535,Boalin,Tramer,1965-01-25,1991-11-04,9999-01-01,Staff
260842,DAIDA,Frolund,1965-01-10,1996-06-25,9999-01-01,Staff
260959,Chanjung,Raoux,1965-01-23,1991-11-20,9999-01-01,Senior Staff
261278,Jaihie,Ozeri,1965-01-15,1997-05-15,9999-01-01,Staff
261297,Jacopo,Krohm,1965-01-02,1995-01-08,9999-01-01,Senior Staff
261358,Radhika,Bonifati,1965-01-15,1993-04-04,9999-01-01,Engineer
262221,Bartek,Snyers,1965-01-17,1998-01-31,9999-01-01,Staff
262231,Arra,Esposito,1965-01-22,2000-01-20,9999-01-01,Staff
262350,Taiji,Berstel,1965-01-14,1985-12-08,9999-01-01,Engineer
262372,Shigeichiro,Brattka,1965-01-07,1985-03-25,9999-01-01,Senior Staff
262981,Gou,Thombley,1965-01-17,1996-04-21,9999-01-01,Engineer
262982,Alair,Nanard,1965-01-03,1995-03-10,9999-01-01,Engineer
263007,Lobel,Aloia,1965-01-29,1994-10-09,9999-01-01,Senior Staff
263179,Gao,Lally,1965-01-03,1994-04-26,9999-01-01,Senior Engineer
263669,Berni,Takkinen,1965-01-07,1990-03-17,9999-01-01,Engineer
263713,Chinya,Leslie,1965-01-24,1992-06-06,9999-01-01,Engineer
263748,Arne,Kohling,1965-01-15,1986-07-07,9999-01-01,Senior Engineer
263815,Fai,Keirsey,1965-01-11,1997-07-20,9999-01-01,Senior Staff
263938,Stein,Perng,1965-01-23,1997-02-25,9999-01-01,Staff
264363,Mohammed,Georg,1965-01-24,1996-02-11,9999-01-01,Engineer
264403,Gina,Ossenbruggen,1965-01-06,1995-06-02,9999-01-01,Senior Engineer
264761,Nechama,Ermel,1965-01-24,1989-03-07,9999-01-01,Engineer
264816,Xiaoqiu,Pietracaprina,1965-01-22,1998-07-25,9999-01-01,Engineer
264850,Kamakshi,Schusler,1965-01-02,1995-03-06,9999-01-01,Assistant Engineer
265019,Mohan,Picht,1965-01-01,1996-03-05,9999-01-01,Engineer
265138,Manohar,Rothenberg,1965-01-15,1996-01-24,9999-01-01,Technique Leader
265200,Soenke,Zaumen,1965-01-14,1988-03-17,9999-01-01,Senior Engineer
265268,Khoa,Bahk,1965-01-13,1989-12-30,9999-01-01,Staff
265309,Luisa,Baig,1965-01-09,1997-12-28,9999-01-01,Staff
265321,Mang,Sundgren,1965-01-01,1987-11-15,9999-01-01,Engineer
265389,Ranga,Plesums,1965-01-29,1996-05-08,9999-01-01,Engineer
265751,Qiwen,Kriebel,1965-01-08,1996-12-26,9999-01-01,Engineer
266792,Tetsurou,Schreiter,1965-01-24,1998-08-03,9999-01-01,Senior Engineer
266849,Aloke,Neiman,1965-01-13,1992-04-16,9999-01-01,Senior Staff
267007,Shounak,Dratva,1965-01-07,1990-12-28,9999-01-01,Staff
267362,Xumin,Beidas,1965-01-31,1987-04-18,9999-01-01,Staff
267636,Indrajit,Krogh,1965-01-09,1995-05-20,9999-01-01,Senior Staff
267678,Yakichi,Naumovich,1965-01-21,1993-10-12,9999-01-01,Engineer
267838,Foong,Gargeya,1965-01-28,1995-03-18,9999-01-01,Senior Engineer
267857,Jackson,Zielinski,1965-02-01,1999-06-06,9999-01-01,Senior Staff
268159,Thanasis,Standera,1965-01-11,1989-02-03,9999-01-01,Senior Staff
268216,George,Atchley,1965-01-28,1999-04-06,9999-01-01,Staff
268408,Mabhin,Foote,1965-01-06,1998-06-29,9999-01-01,Assistant Engineer
268751,Shahaf,Kitai,1965-01-13,1985-09-29,9999-01-01,Senior Staff
268815,Ramya,Azadmanesh,1965-01-17,1992-03-02,9999-01-01,Senior Staff
268944,Kaijung,Papadias,1965-01-12,1994-11-11,9999-01-01,Assistant Engineer
269197,Val,Rissanen,1965-01-19,1994-11-26,9999-01-01,Staff
269381,Pramod,Wendorf,1965-01-21,1998-11-27,9999-01-01,Senior Staff
269454,Mohit,Verhaegen,1965-01-14,1992-07-03,9999-01-01,Senior Engineer
269710,Hirochika,Goldhammer,1965-02-01,1992-01-18,9999-01-01,Staff
269871,Yuping,Sethi,1965-01-24,1990-07-12,9999-01-01,Staff
270156,Adly,Hambrick,1965-01-16,1998-07-31,9999-01-01,Senior Engineer
270732,Yoshinari,Lanteri,1965-01-07,1996-12-12,9999-01-01,Engineer
270945,Remzi,Mitzlaff,1965-01-22,1991-10-02,9999-01-01,Engineer
271145,Shietung,Gelosh,1965-01-18,1994-10-24,9999-01-01,Senior Staff
271588,Sreenivas,Versino,1965-01-29,1996-11-08,9999-01-01,Engineer
272092,Sampalli,Francisci,1965-01-29,2002-06-20,9999-01-01,Engineer
272761,Larisa,Murtafg,1965-01-14,1999-07-21,9999-01-01,Engineer
272820,Somnath,Cummings,1965-01-05,1989-01-28,9999-01-01,Senior Staff
273124,Jinxi,Schmiedel,1965-01-15,1991-10-04,9999-01-01,Senior Engineer
273237,Ramya,Rossi,1965-01-09,1985-07-20,9999-01-01,Staff
273497,Jaber,Sethi,1965-01-11,1987-07-09,9999-01-01,Senior Engineer
273520,Alenka,Barriga,1965-01-28,1995-04-20,9999-01-01,Senior Engineer
274328,Abdelghani,Nyrup,1965-01-22,1991-06-26,9999-01-01,Engineer
274551,Berna,Comellas,1965-01-02,1992-05-24,9999-01-01,Staff
275101,Tokuyasu,Ghelli,1965-01-19,1998-06-16,9999-01-01,Engineer
275434,Shahid,Varman,1965-01-30,1991-08-13,9999-01-01,Engineer
275736,Lakshmi,Frijda,1965-01-06,1992-06-17,9999-01-01,Technique Leader
275878,Kwan,Kampfer,1965-01-01,1989-05-04,9999-01-01,Engineer
275899,Herb,Picht,1965-01-12,1985-08-07,9999-01-01,Engineer
276392,Hiroyasu,Strandh,1965-01-05,1994-09-08,9999-01-01,Staff
276534,Bezalel,Verhoeff,1965-01-26,1999-06-10,9999-01-01,Senior Engineer
276770,Boalin,Birsak,1965-01-26,1997-05-19,9999-01-01,Staff
276936,Stepehn,Markovitch,1965-01-11,1999-09-09,9999-01-01,Staff
277417,Mariusz,Rikino,1965-01-07,1998-06-20,9999-01-01,Technique Leader
277466,Margareta,Bondorf,1965-01-13,1989-05-15,9999-01-01,Staff
277911,Sivanarayana,Chandrasekhar,1965-01-02,1991-01-16,9999-01-01,Engineer
277943,Tsuneo,Skrikant,1965-01-03,1990-06-12,9999-01-01,Senior Staff
278385,Huei,Saoudi,1965-01-12,1995-02-04,9999-01-01,Engineer
278442,Kamakshi,Huhdanpaa,1965-01-25,1991-09-20,9999-01-01,Staff
278684,Ranga,Lemarechal,1965-01-18,1995-08-09,9999-01-01,Staff
278788,Sachin,Zlotek,1965-01-12,1996-09-18,9999-01-01,Assistant Engineer
278798,Baziley,Brookner,1965-01-27,1999-11-07,9999-01-01,Staff
279129,Nadjib,Comellas,1965-01-21,1999-11-06,9999-01-01,Senior Engineer
279278,Baruch,Basawa,1965-01-17,1989-01-19,9999-01-01,Senior Staff
279294,Weiyi,Codenie,1965-01-23,1999-02-26,9999-01-01,Technique Leader
279391,Aiman,Wilfing,1965-01-12,1991-08-12,9999-01-01,Engineer
279424,Hongzhu,Ruemmler,1965-01-25,1988-05-01,9999-01-01,Senior Engineer
279552,Halsur,Ibel,1965-01-24,1998-11-06,9999-01-01,Engineer
279554,Neven,Rikino,1965-01-07,1997-11-09,9999-01-01,Senior Engineer
279830,Chaosheng,Shobatake,1965-01-21,1999-09-09,9999-01-01,Senior Staff
279892,Hein,Jonsson,1965-01-23,1997-08-02,9999-01-01,Staff
280497,Zhiguo,Staudhammer,1965-02-01,1988-09-18,9999-01-01,Staff
281422,Nigel,Zirintsis,1965-02-01,1987-12-22,9999-01-01,Staff
281557,Feiyu,Decleir,1965-01-17,1992-08-28,9999-01-01,Senior Staff
281577,Basem,Lortz,1965-01-22,1990-04-01,9999-01-01,Senior Staff
281936,Arun,Zaccaria,1965-01-14,1998-01-21,9999-01-01,Senior Staff
281964,Kazuhiko,Marshall,1965-01-27,1999-05-02,9999-01-01,Staff
282077,Godehard,Chinal,1965-01-26,2002-06-24,9999-01-01,Engineer
282168,Yahiko,Sommen,1965-01-25,1992-01-19,9999-01-01,Staff
282465,Xuejia,Leppanen,1965-01-30,1997-11-16,9999-01-01,Engineer
282815,Zhenbing,Ibel,1965-01-23,1989-01-05,9999-01-01,Senior Engineer
282975,Weidon,Fordan,1965-01-29,1993-01-07,9999-01-01,Technique Leader
283293,Hugo,Sgarro,1965-01-01,1986-02-28,9999-01-01,Staff
283324,Khaled,Penn,1965-01-12,1991-11-02,9999-01-01,Senior Engineer
283515,Pantung,Reeker,1965-01-06,1997-03-16,9999-01-01,Staff
283849,Shin,Puoti,1965-01-22,1990-03-02,9999-01-01,Engineer
283965,Avishai,Majewski,1965-01-16,1997-03-13,9999-01-01,Senior Staff
284187,Ung,Taubenfeld,1965-01-31,1990-06-01,9999-01-01,Senior Staff
284282,Sungwon,Kornyak,1965-01-24,1986-06-02,9999-01-01,Engineer
284356,Sugwoo,Eugenio,1965-01-29,1986-01-09,9999-01-01,Engineer
284397,Monique,Cyre,1965-01-13,1991-10-10,9999-01-01,Senior Staff
284788,Mayuko,Clouatre,1965-01-07,1996-05-13,9999-01-01,Staff
284821,Zongyan,Shackel,1965-01-10,1986-02-19,9999-01-01,Senior Staff
285112,Genevieve,Snedden,1965-01-31,1991-07-30,9999-01-01,Senior Engineer
285283,Fumiyo,Feinberg,1965-01-10,1989-03-21,9999-01-01,Engineer
285563,Christophe,Leaver,1965-01-15,1994-02-02,9999-01-01,Senior Engineer
285963,Shigeaki,Lanteri,1965-01-14,1996-10-05,9999-01-01,Senior Engineer
285990,Rimon,Pietracaprina,1965-01-02,1993-02-08,9999-01-01,Staff
286147,Khun,Spieker,1965-01-04,1998-07-03,9999-01-01,Staff
286352,Reinhold,Binkley,1965-01-31,1992-01-09,9999-01-01,Senior Engineer
286386,Doohun,Preusig,1965-01-09,1986-10-13,9999-01-01,Engineer
287377,Nikolaos,Lorch,1965-01-12,1993-03-10,9999-01-01,Engineer
287603,Marit,Paludetto,1965-01-23,1986-07-09,9999-01-01,Staff
287994,Bluma,Mundy,1965-01-18,1995-03-27,9999-01-01,Engineer
288032,Fumino,Narahara,1965-01-06,1988-08-27,9999-01-01,Senior Engineer
288195,Doowon,Schoegge,1965-01-22,1991-10-10,9999-01-01,Staff
288464,Yuichiro,Bale,1965-01-15,1987-08-24,9999-01-01,Assistant Engineer
288793,Arun,Katzenelson,1965-01-03,1997-09-17,9999-01-01,Senior Engineer
288824,Shaw,Borovoy,1965-01-18,1997-08-20,9999-01-01,Senior Engineer
288883,Hidekazu,Perna,1965-01-20,1993-01-20,9999-01-01,Senior Staff
289049,Ewing,Kalorkoti,1965-01-03,1999-05-30,9999-01-01,Senior Staff
289432,Randi,Tomescu,1965-01-18,1985-11-09,9999-01-01,Senior Staff
289626,Kayoko,Bahi,1965-01-19,1995-02-04,9999-01-01,Senior Engineer
289720,Masamitsu,Murrill,1965-01-06,1997-11-04,9999-01-01,Senior Engineer
290060,Sukumar,Georg,1965-01-26,1992-03-28,9999-01-01,Staff
290091,Suebskul,Menhardt,1965-01-31,1995-11-13,9999-01-01,Senior Engineer
290596,Anoosh,Wielonsky,1965-01-09,1998-02-20,9999-01-01,Engineer
291075,Weiru,Burnard,1965-01-16,1988-11-08,9999-01-01,Engineer
291173,Gina,Decaestecker,1965-01-18,1985-06-21,9999-01-01,Staff
291492,Margareta,Polajnar,1965-01-03,2000-01-18,9999-01-01,Senior Engineer
291815,Haldun,Erie,1965-01-22,1993-02-19,9999-01-01,Senior Staff
291832,Taegyun,Vieri,1965-01-23,1999-06-26,9999-01-01,Staff
292303,Sven,Hinsberger,1965-01-02,1991-02-27,9999-01-01,Staff
292781,Shaowei,Back,1965-01-02,1989-06-27,9999-01-01,Staff
292910,Shaunak,Brizzi,1965-01-29,1995-06-03,9999-01-01,Engineer
292930,Aral,Hebden,1965-01-16,1998-06-04,9999-01-01,Staff
293238,Phillip,Munch,1965-01-16,1985-12-04,9999-01-01,Senior Staff
293426,Rosita,Pokrovskii,1965-01-10,1989-05-21,9999-01-01,Senior Engineer
293700,Hausi,Kamber,1965-01-22,1986-06-16,9999-01-01,Engineer
293863,Sham,Kavanagh,1965-01-03,1986-02-28,9999-01-01,Staff
294003,Dung,Tanemo,1965-01-24,1993-02-13,9999-01-01,Senior Engineer
294151,Manton,Lueh,1965-01-05,1993-10-29,9999-01-01,Technique Leader
294167,Perry,Cooman,1965-01-05,1993-03-17,9999-01-01,Staff
294523,Herbert,Hammerschmidt,1965-01-26,1985-10-25,9999-01-01,Staff
294781,Phule,Ruemmler,1965-01-16,1999-08-07,9999-01-01,Senior Staff
295278,Gladys,Parhami,1965-01-14,1988-01-22,9999-01-01,Senior Engineer
295514,Keiichiro,Armand,1965-01-01,1986-06-26,9999-01-01,Engineer
295602,Rafael,Menhoudj,1965-01-30,1999-04-23,9999-01-01,Engineer
295604,Munehiro,Iwayama,1965-01-18,1990-03-19,9999-01-01,Staff
295824,Yoshimitsu,Litvinov,1965-01-27,1993-09-02,9999-01-01,Senior Staff
295842,Mahmut,Bolotov,1965-01-29,1992-05-24,9999-01-01,Staff
296093,Yefim,Bernardeschi,1965-01-11,1995-09-22,9999-01-01,Senior Staff
296833,Geoffrey,Siochi,1965-01-05,1999-01-22,9999-01-01,Technique Leader
296943,Yagil,Remmers,1965-01-18,1985-05-13,9999-01-01,Engineer
296980,Jaber,Feldmann,1965-01-09,1995-04-30,9999-01-01,Engineer
296981,Matt,Ruemmler,1965-01-01,1998-06-03,9999-01-01,Senior Staff
296983,Tonny,Kropf,1965-01-06,1997-09-27,9999-01-01,Senior Staff
297530,Uno,Jayawardene,1965-01-20,1993-07-03,9999-01-01,Senior Staff
297881,Jaewon,Mansanne,1965-01-18,1991-09-29,9999-01-01,Staff
298013,Ekawit,Schaft,1965-01-05,1994-06-24,9999-01-01,Engineer
298120,Francoise,Hegner,1965-01-24,1991-04-29,9999-01-01,Senior Staff
298140,Leah,Luke,1965-01-29,1989-02-27,9999-01-01,Engineer
298167,Denis,Narlikar,1965-01-05,1998-03-12,9999-01-01,Staff
298439,Changho,Gaughan,1965-01-10,2000-01-01,9999-01-01,Senior Staff
298507,Kensyu,Tsunoo,1965-01-30,1994-09-11,9999-01-01,Senior Engineer
298565,Breannda,Maquelin,1965-01-22,1986-12-16,9999-01-01,Engineer
298657,Irena,Baalen,1965-01-20,1997-09-01,9999-01-01,Engineer
298718,Jiong,Zultner,1965-01-27,1993-05-29,9999-01-01,Senior Staff
298813,Wuxu,Garigliano,1965-01-12,1992-01-29,9999-01-01,Technique Leader
299009,Kendra,Junet,1965-01-18,1986-04-17,9999-01-01,Assistant Engineer
299490,Bogdan,Pepe,1965-01-17,1993-12-21,9999-01-01,Staff
299780,Matk,Chorvat,1965-01-14,1993-10-10,9999-01-01,Senior Engineer
299953,Satoru,Janetzko,1965-01-28,1996-08-23,9999-01-01,Engineer
300576,Lalit,Lindqvist,1965-01-01,1992-03-09,9999-01-01,Senior Staff
300582,Luise,Vigier,1965-01-27,1998-03-05,9999-01-01,Staff
300745,Younwoo,Samarati,1965-01-19,1999-10-01,9999-01-01,Senior Engineer
301104,Kwangsub,Keirsey,1965-01-06,1997-04-21,9999-01-01,Senior Staff
301187,Panayotis,Hempstead,1965-01-14,1995-01-22,9999-01-01,Senior Engineer
301519,Saniya,Broomell,1965-01-19,1991-10-05,9999-01-01,Staff
301621,Charmane,Pargas,1965-01-21,1991-02-16,9999-01-01,Staff
302025,Valeska,Cools,1965-01-10,1990-12-12,9999-01-01,Engineer
302077,Udo,Ratnakar,1965-01-11,1997-10-15,9999-01-01,Staff
302242,Heekeun,Verhaegen,1965-01-16,1998-10-08,9999-01-01,Senior Staff
302664,Sanjoy,Porenta,1965-01-30,1999-10-18,9999-01-01,Senior Staff
302702,Goetz,McAffer,1965-01-26,1987-07-05,9999-01-01,Senior Engineer
303056,Hironoby,Jakobus,1965-01-23,1989-12-05,9999-01-01,Senior Staff
303073,Muzhong,Berztiss,1965-01-31,1992-06-05,9999-01-01,Senior Engineer
303121,Sachem,Msuda,1965-01-31,1989-12-31,9999-01-01,Staff
303303,Shaleah,Pileggi,1965-01-28,1992-02-09,9999-01-01,Senior Staff
303769,Leni,Kropatsch,1965-01-14,1992-05-27,9999-01-01,Staff
304044,Morrie,Iisaku,1965-01-16,1997-08-27,9999-01-01,Engineer
304518,Masasuke,Koprowski,1965-01-10,1986-07-15,9999-01-01,Staff
305003,Bezalel,Himler,1965-01-23,1996-12-24,9999-01-01,Staff
305020,Yongmao,Pouyioutas,1965-01-04,1990-01-24,9999-01-01,Engineer
305994,Geoffrey,Panienski,1965-01-01,1989-11-16,9999-01-01,Engineer
306125,Pranjal,Reinhard,1965-01-07,1997-05-19,9999-01-01,Senior Staff
306995,Giordano,Maquelin,1965-01-03,1998-09-26,9999-01-01,Engineer
307003,Danco,Debuse,1965-01-30,1997-11-21,9999-01-01,Engineer
307032,Oldrich,Adachi,1965-01-23,1987-06-21,9999-01-01,Senior Engineer
307199,Sanjiv,Bressoud,1965-01-02,1995-12-21,9999-01-01,Engineer
307365,Fayez,Keohane,1965-01-06,1997-02-07,9999-01-01,Senior Staff
307416,Paris,Lieblein,1965-01-30,1990-02-28,9999-01-01,Engineer
307685,Gritta,Petereit,1965-01-02,1986-09-10,9999-01-01,Technique Leader
308210,Caolyn,Marciano,1965-01-19,1998-11-04,9999-01-01,Engineer
308362,Naraig,Docker,1965-01-30,1998-02-25,9999-01-01,Senior Staff
308481,Geraldo,Gerteisen,1965-01-17,1998-09-10,9999-01-01,Staff
308660,Florian,Pezzoli,1965-01-09,2001-09-16,9999-01-01,Senior Engineer
308863,Sanjay,Ciolek,1965-01-16,1992-05-12,9999-01-01,Engineer
308870,Arumugam,Pelc,1965-01-09,1997-05-16,9999-01-01,Staff
308980,Nechama,Kandlur,1965-01-13,1987-01-26,9999-01-01,Staff
309185,Urs,Rande,1965-01-12,1989-03-30,9999-01-01,Staff
309219,Padma,Delgrange,1965-01-29,1994-03-02,9999-01-01,Engineer
309285,Danae,Honglei,1965-01-11,1988-07-21,9999-01-01,Staff
309520,Baoqiu,Kakkar,1965-01-14,1991-07-09,9999-01-01,Engineer
